video_name,frame,knee_left,knee_right,hip_left,hip_right,trunk_angle,motion_energy
Video10,0,179.57105058076243,176.2743775772793,163.7175470165582,174.68444447180758,178.504546551562,0.0
Video10,1,172.20270764495052,177.86696243276418,164.15042303248117,176.1762862481283,177.20869950839656,0.011537939761624191
Video10,2,166.9386962575961,179.54876435322137,164.6913704898963,177.77550594080665,178.6499773327764,0.010715505842006574
Video10,3,165.00964759406043,178.89962489337447,163.53483874502197,175.91647184994858,178.83198082230018,0.005085142724441759
Video10,4,162.21726889561856,178.21523390917145,161.3548283059042,172.53418360257035,178.14029529173067,0.005207760767503216
Video10,5,161.17601919223665,174.70660301950096,159.84354423002563,173.74377931811668,179.1134276943898,0.004619441700704174
Video10,6,161.9505419388049,178.17014558770967,159.75137036312114,169.33048722865482,179.10726327829246,0.003858164404377791
Video10,7,163.3380367600009,177.03820005157172,160.87723035147033,169.6472561914958,179.62788313620337,0.002911918542601846
Video10,8,165.34601957945696,178.55747801317116,161.6638269360025,170.79571277216166,179.23448563358085,0.001931463678677882
Video10,9,166.4819008771234,178.3972591432136,163.2035089609378,169.4161548494843,179.05374043316633,0.002521051601930093
Video10,10,168.39076108007376,179.3107565993535,165.14998272929185,167.99584024079235,178.89677669812187,0.0018478216546954506
Video10,11,170.21709194699437,178.68422095037153,166.43065595500167,169.31621344179996,178.914555042928,0.0018163332433411602
Video10,12,170.2644577853734,179.6462980288626,165.98368070928646,168.63752014660892,178.19677318450235,0.0012219954620708135
Video10,13,171.90610720363946,178.21549390624085,167.44261238524675,168.87282051154807,178.24204128307312,0.0009564779924623869
Video10,14,174.28345366842592,179.9003575885442,168.66857829181478,167.3790509194413,178.75564267833445,0.0008797108223944032
Video10,15,175.48479038828435,179.07416028746778,169.80366428029922,167.49705356094552,179.0121438036416,0.000755064415209222
Video10,16,175.72371607496532,177.28109070092728,169.71736546080007,166.9330002773329,178.98831366319277,0.0007633584918397811
Video10,17,176.22845477240088,177.98515349416647,169.72667881455686,167.15603122928073,178.91957537531272,0.0006145880077824448
Video10,18,176.66139386295401,177.83449489998745,170.83627735345533,166.4292045909511,179.44652329375828,0.0005300826195514563
Video10,19,178.46645984223898,176.13285130066419,173.3849544808315,163.8491699162665,179.3653085035275,0.0008493169690623411
Video10,20,179.0294333060144,175.51520486480578,174.73564552022356,163.20211000314717,178.920967973567,0.0007410062984986789
Video10,21,178.2414889263179,175.0656454800553,175.08559257436514,162.5739295511674,178.5187920762629,0.001243138403603524
Video10,22,177.64035601324153,174.74465241566926,174.9981173224,162.00832436479075,178.10535983507984,0.0018115883523767645
Video10,23,176.89840545392536,175.79648606277848,175.0398482088042,162.21134224035342,177.314970775398,0.0019469505006616782
Video10,24,173.52914931315337,177.887768242482,172.40243708778348,164.8449883768154,177.5058052178282,0.002556264400482177
Video10,25,172.7419460340561,179.90283632506598,170.6156359390953,167.60822395592436,177.53507617436438,0.0026212005001125956
Video10,26,171.35978130329732,179.32285221814158,168.9432017494117,168.12298253670733,177.06178662356507,0.0025301846590909025
Video10,27,169.77044493534572,179.40239191762223,167.78174762978247,168.49170542296284,176.45756773980528,0.002612575888633735
Video10,28,161.5434485835078,176.8647953745436,166.95472214944755,167.23756440980125,176.03506618027748,0.002585506800449255
Video10,29,154.74419946368698,174.04623310484163,164.68924973377293,167.51630042216055,176.49419625703325,0.002032141793857922
Video10,30,160.1188539839399,171.96014025663195,162.76489878501636,167.64857354038818,177.05626325047814,0.0022546310316432575
Video10,31,163.99531641709848,170.9759312750548,162.988861474252,167.49522947940767,177.167848551038,0.0020691793073307468
Video10,32,170.0889471681631,172.79377641312965,162.63234818083575,168.39716101327053,177.49001221956726,0.0021742252689419387
Video10,33,172.57181623877824,174.81320497519013,163.50184561204782,169.98947605601887,177.6124508504103,0.0023363002321936826
Video10,34,174.5713833058081,175.5880558426978,163.06091428204107,170.3906310209613,177.6067916957736,0.0013305346171061207
Video10,35,176.65316902034496,176.66425866939292,163.80417014148637,170.96278742448422,177.60141887617192,0.0013771540287769203
Video10,36,179.39159631431892,177.52365905534762,165.12677801974462,172.10339416661563,177.70321964707475,0.0010876682671633626
Video10,37,177.20466966112411,178.6207353634621,165.53518608255868,173.02243900766533,177.5672704510934,0.0012195119352051739
Video10,38,174.57600888704684,175.64168147215943,166.43785841071707,173.9971448417495,177.62627424611833,0.0014670879551858655
Video10,39,173.08425769944085,169.91761939915696,167.01784315979077,174.34857335306864,177.65556717289965,0.0015369572422721136
Video10,40,173.49211357484504,169.1718012379792,166.37414317153406,174.20129107272808,177.9829548067103,0.0011118609796870813
Video10,41,174.7128193397212,169.82530897041502,167.28157371445394,174.42909312625832,178.37206149712736,0.0017920068719170386
Video10,42,175.74433919900207,170.40711967452148,167.64950265565398,174.7417285382717,178.8751081958299,0.002174766677798645
Video10,43,175.05999544745188,171.2597739109072,170.002670076823,173.82999398519274,178.47220580192243,0.0023606311191212014
Video10,44,174.12089521106108,174.82638309909072,171.61146119157416,172.8638393823633,178.43389318594276,0.0024021064693277618
Video10,45,172.3153272532177,170.66332285969418,173.7264679931762,169.8023951017437,178.44867718850162,0.002747765544689058
Video10,46,173.370532203821,164.41835584015672,174.13311287589087,166.46271921367585,178.5548375930127,0.002782019701871004
Video10,47,179.79907535439102,162.62658056844046,171.8531536482351,165.98053117020876,178.48819384205214,0.002463169170148448
Video10,48,175.50762425156813,157.01612157259245,169.92458862266534,164.21719651512313,178.64700350744926,0.0021945635477701856
Video10,49,176.8985212273142,158.87214018895014,171.03189883809713,163.49589165150027,178.62098372153315,0.002697310890212199
Video10,50,177.31937248552097,156.5164861496676,170.3861726763292,162.1824954202987,179.2536918335445,0.0024088666294560307
Video10,51,178.22791558284462,157.60051536088193,170.2951543042718,161.7280353259221,179.6278025132427,0.002418066290291875
Video10,52,178.73364936757966,158.93846080978832,170.94265702352462,161.24106894727993,179.6415831227878,0.0029623973550218508
Video10,53,179.00326731605173,160.10913815918644,171.22401593776524,161.0920762811994,179.72391590951753,0.0022311725399710896
Video10,54,178.6579251081937,162.99375792784565,171.22308069156588,161.18663779881163,179.84984079206376,0.0025844824585047645
Video10,55,178.52782889608469,169.69841543664498,171.3369126726259,161.26546133510092,179.7043315500189,0.0031136057593605737
Video10,56,178.7806287852488,175.40072271272405,172.42270315435846,160.86851624396198,179.11710090174597,0.0025266287001696427
Video10,57,178.3540483254711,179.93979500289177,172.3420877297926,160.57892410115713,178.64827078465777,0.0024810672709436187
Video10,58,177.65067456200225,178.5529463851578,172.75344629243878,159.9349438268631,177.88597659839306,0.0022688959584091623
Video10,59,177.06882980056938,176.1023108227228,173.3700586697864,161.99426389943707,177.39852273670803,0.0024021401098280296
Video10,60,175.60945094421922,175.51241095710617,172.02572496368472,163.70569679436957,177.57930872990678,0.0024482594294981497
Video10,61,174.57259812119634,174.90866897294453,173.06496074984312,164.29425257713615,176.43599146016996,0.0035131083744944966
Video10,62,171.82510173521092,172.76747789968925,171.0833155432665,167.82662738073017,176.90610703268544,0.0029663005561539617
Video10,63,169.70734937413138,177.47245133132785,169.60327555701784,167.53077519319507,176.96370705802659,0.0035740925055561634
Video10,64,167.16963949446063,176.2317682831004,169.17644983844306,165.6877170773344,176.58983269853675,0.003604593827868957
Video10,65,165.31338409854425,173.95426278220927,168.8978059015651,164.78285056205348,175.72467492506894,0.003484007761333927
Video10,66,162.1781139840753,170.93896195724966,167.8411813836066,162.88417101440243,175.22177905963397,0.0035004453225569295
Video10,67,159.6657416912975,171.3167392183795,165.9430173581846,163.3297505833055,175.1307783297249,0.0023843998258764126
Video10,68,156.40159845014995,169.10390891576645,164.0151508586389,162.43675914914155,175.0439301285885,0.0028952942653135815
Video10,69,157.01660711632124,170.7580555603441,162.90144594565146,164.59463426124344,175.56732772051998,0.0027325365579489408
Video10,70,157.60208057410668,170.5325039469144,162.58206307814962,163.50877338545357,174.99092418590425,0.002525009440653255
Video10,71,160.90690103701513,169.7628673195028,163.03044042184007,162.6778493776362,174.69628890209032,0.0024950192733244453
Video10,72,165.16437369029975,169.18199353546535,163.2587239456337,162.44751221694722,174.68042855805174,0.0021464458920738907
Video10,73,173.36552631455496,169.35037042497834,165.59532475882003,162.50055479741522,174.69654468522563,0.0018466273040482518
Video10,74,177.11768679108238,169.3117268661592,166.12867212195445,162.5051746377585,174.98354329356366,0.001337055004004272
Video10,75,179.5178595202764,169.5035058496393,166.7924295303554,162.73954449577445,175.48947010401903,0.0011034411462870512
Video10,76,179.27426259414466,168.62906027033105,167.7495638199624,161.9807247458652,175.876295510672,0.0019516924565488583
Video10,77,178.35436054997044,168.07255984586922,167.67250291995276,161.72877618570485,176.84483113477762,0.0024037376949281436
Video10,78,177.8787094690147,167.00486020733555,167.89288239138295,161.1168164258345,177.46255895825703,0.002410025307626437
Video10,79,177.3753442812483,166.7101252239805,169.22887496313987,160.63099662201614,177.58264847606085,0.002782943573865023
Video10,80,179.91146752368243,165.7503588975902,168.86355742587224,160.3082360027666,177.96511251648613,0.003212092049194098
Video10,81,179.0554682698285,164.7333276244779,169.35898723027802,159.56839966941146,178.25896800348653,0.0028144678834712915
Video10,82,178.2842467765158,162.83008889115533,171.3984320380901,157.19149894694186,177.54328740173503,0.0029826900272658446
Video10,83,175.54089449731688,162.88758860074944,169.91706587129167,156.52070902012852,177.58406996886083,0.002707734252467298
Video10,84,173.3584714611793,162.6288004348765,167.7663630469697,156.5316778060604,178.44270317218806,0.0023649007533535797
Video10,85,174.45630304152868,165.77874685841607,168.89972910921918,158.41186823294262,178.52397677400285,0.0023847095894091097
Video10,86,174.82331834214622,168.14137356985685,168.64369920026923,160.0603212902272,178.794548380516,0.0019469272458192057
Video10,87,175.333834474033,171.28845839481718,169.35156742935078,161.4086444395601,178.47572840154916,0.0015741794398336658
Video10,88,175.91340602414854,175.40030884068966,169.79797599527623,163.67497060087115,178.4925631389415,0.0010232284213557417
Video10,89,176.5322794142695,175.15836129020653,170.60942235783213,163.46395655877504,178.20738202708708,0.0011076896705410713
Video10,90,176.68341934558208,175.68921573066902,170.88600230628265,163.60601378073392,177.97912649912357,0.0010406482174541009
Video10,91,176.755151088713,175.81692622975677,170.89353100489294,163.79585077814605,177.9321482922818,0.0009313159142479706
Video10,92,176.8233903860114,176.71741871881994,171.0033096987762,164.02875338692908,177.71320039575934,0.000702309789079611
Video10,93,176.82760183724983,176.90820405622821,171.01038787038408,163.8088982591025,177.48080270433493,0.0009173013721451653
Video10,94,177.6026739309168,177.2308438311712,171.18795781934585,164.0531621368221,177.4547629918739,0.001571043874278211
Video10,95,177.83142846332788,177.5172661208454,170.70743330052335,164.63939432829014,177.61254753920906,0.0017076292724320366
Video10,96,177.73433866223672,177.77156254932424,170.55487881610236,165.4323793985208,177.64416271801417,0.0019061407356551177
Video10,97,178.43265882663937,178.05905456801057,171.1485763346698,166.50814214382373,177.53615637695765,0.0020973937529506163
Video10,98,179.6863101180098,178.35393806884915,172.02702546165153,166.76207758317287,177.3330702644669,0.001793120056390756
Video10,99,178.26451913547004,178.69736565418228,172.82078247866355,167.4348327873401,177.23420717379074,0.0011179291389205213
Video10,100,177.74997885196993,178.435753570584,173.23656237260332,167.3029416055161,176.94506825523064,0.0009001461845455784
Video10,101,177.71930624198774,178.03666415300535,173.48440492003414,167.1248852871583,176.69853525620164,0.0008573220534758109
Video10,102,177.68435412306567,178.09266207501975,173.5831616644943,167.93717748485142,176.72360318753198,0.0013729651091676741
Video10,103,177.89929580190866,177.25669041220993,172.93421284381478,168.51303754049965,177.12023371542773,0.0013584606349468238
Video10,104,178.58206825844186,176.58588661833105,171.68826724521136,169.92726499211219,177.69949232701444,0.0020407320875110006
Video10,105,178.95442064200424,174.4120413379746,170.69116726423462,170.20415039343655,178.14130104286548,0.0018061714416200492
Video10,106,178.5469884128738,172.60841088929968,170.39161336846837,169.91822828667318,178.2908494884703,0.002210495485500856
Video10,107,177.92970192943292,170.03763017727832,170.25370163018022,169.41409939786345,178.49518075561153,0.0024254915840698017
Video10,108,173.6122008614865,169.53649397021348,171.06221897821467,169.610034280276,178.7460342658242,0.0026687215449231996
Video10,109,165.3474135748589,168.58069904796696,172.22339691427845,169.92079911998675,179.43474879531277,0.0026417861156391343
Video10,110,160.52127119413473,167.0914794110995,173.58688858219193,170.53998474043192,179.75399761636848,0.004172123517050891
Video10,111,154.3895116581558,166.83443151254468,175.55215092871987,171.32246023668802,179.5806810460348,0.002994988000754148
Video10,112,151.49948182109932,165.64979206893554,176.66795628978335,170.34023061994537,179.66046494246328,0.003443810411474922
Video10,113,149.90426943982743,162.32234722643307,179.17427210269523,167.9477139147526,179.57596134165507,0.004669612330017661
Video10,114,149.82226389127356,161.3369450180949,179.65155265642383,165.52119889865713,179.16438843839998,0.00418898000410109
Video10,115,149.48650426111413,157.04871754643978,178.30986951167253,162.3617557073714,178.9282784555141,0.0032851843897140423
Video10,116,150.20091603119008,154.5913099135997,177.1689613842013,160.31348635384882,178.57722933028506,0.003383721140297972
Video10,117,148.598033020574,156.32428281611914,173.7891868302964,158.42142440405232,177.6137285445376,0.004119092880776439
Video10,118,150.07768012947605,160.275076400405,173.41749301347156,164.853879302447,179.09478640026921,0.004081273056340933
Video10,119,155.15964874716886,167.2018495371294,174.32256944539606,169.40597925267787,179.5615561446048,0.004765397219946893
Video10,120,157.72061990984645,172.35622054385743,172.9855889492324,167.66341671359675,178.77096902950586,0.007652114512342395
Video10,121,162.2444750271039,178.17343803099456,170.04341530993304,170.56027858614564,177.45336993517768,0.008552960261250991
Video10,122,173.55513319214438,179.30269004233654,174.11300421504907,173.51014739436303,178.57918507756582,0.006170733521382019
Video10,123,176.66750419579094,179.15300805504035,175.36319742669252,169.66081018226262,177.34264223880305,0.006379283513083604
Video10,124,179.25205227686754,175.26238243884202,176.51513482089987,168.40555967385887,176.04418692851308,0.005348293167172053
Video10,125,178.97749848400716,175.61133066145723,177.24921410017413,169.09440611179798,174.58803370418195,0.0077604110719579605
Video10,126,178.62336369048725,170.51871115522354,177.48777788766566,168.56591041595624,174.1325072287384,0.007712406755396822
Video10,127,179.81903400126726,166.92084189283258,175.47314218002782,167.54754130504804,173.10325877164942,0.005182179537686434
Video10,128,178.8166988187846,162.7085258440401,174.4076340581437,161.07217918257737,171.22897967374342,0.0065815384415062956
Video10,129,176.71946170978444,159.71298907382226,171.98844345131698,157.2695226922021,169.83282366111857,0.006143210399331469
Video10,130,175.63910087927468,156.4399928830493,170.5005209721451,155.24372986001444,169.09611220270952,0.005621876906264908
Video10,131,173.4729701838719,156.89601095956556,167.66369322561442,158.42208184606807,168.69661629509886,0.005664085348447162
Video10,132,175.00841056912327,158.17945426667595,166.81329802801753,162.96845173425078,169.24546270309133,0.0054795633662830705
Video10,133,176.4083877778709,158.8390162829205,165.81233593014716,167.11786245336165,169.50428559101115,0.0067512062237118226
Video10,134,178.80843370194216,159.93591104028735,164.0597248477261,169.8236800935397,169.3629780548101,0.0030305931965510066
Video10,135,177.78764844433073,162.0214895403214,163.16741777857433,172.97678299061405,169.31379211483778,0.003053669450861041
Video10,136,179.29699906078875,161.99695693542697,161.62369596827827,175.71294030182412,170.0740506109454,0.0025951921036749125
Video10,137,177.90264230045327,160.43836499112322,158.5886277595308,177.3628908323895,170.40599472246603,0.003352978238553717
Video10,138,177.28771756002956,158.9486724409753,158.71505253806282,177.73838323671356,171.54654073360572,0.004049344834956251
Video10,139,169.21968908502848,158.83875795219853,155.0015642806511,176.86466873999674,171.79818119039814,0.003437624058940198
Video10,140,162.60544540382318,161.39786461958093,153.32313009069247,176.89894316164526,172.97077600613824,0.004568973273941963
Video10,141,158.14302727512936,164.6872562732596,153.23569121596324,177.93222918514314,174.3388669538862,0.003965567232984491
Video10,142,151.639636080787,172.31132958124874,149.6300374122449,179.86489230423894,175.0195250223821,0.004065194590525192
Video10,143,147.25602715591475,175.7891706408233,145.88483892046023,178.6983031278581,175.4375161368226,0.0036144498171228317
Video10,144,146.42585067967832,176.7642762379331,145.03172568864937,177.51174149318442,176.6067535328769,0.0034518311872626796
Video10,145,147.9722500964659,179.89383740253612,144.17613314574356,175.76738394927483,177.06931779165166,0.003468063293081344
Video10,146,151.6981378663781,179.81701892510807,145.03762447295986,175.90983714105246,177.3667820909336,0.002794298710245072
Video10,147,156.9017014685003,178.51104498956695,145.72239356909606,175.91331441749625,177.88050954233032,0.002208803865042597
Video10,148,162.86916270980228,178.2545379887341,147.57761746286613,175.81701758501427,178.1560978093978,0.0012696712757601942
Video10,149,167.13982670881765,178.77864337481083,149.16445318970037,174.5842453035256,178.95927505332838,0.0021399343104073444
Video10,150,169.84585972862348,179.7552879813763,150.9075752428315,171.80349977230458,179.7840508254939,0.0025782722866896438
Video10,151,169.49846029436551,179.95046774641813,151.1259798044118,169.30761781517654,179.08721336996928,0.0027197676174568457
Video10,152,169.50033364807058,179.86772412048865,152.27905915946835,169.33250141464785,178.86001220389176,0.0018996476675524814
Video10,153,171.22557191017916,179.74785122052657,155.9287286770307,169.5616355631845,178.14757065382054,0.0020537949872739382
Video10,154,172.52071339318852,178.67668066354122,157.77582173420043,169.79197345978292,178.01751297317807,0.0023357637903907067
Video10,155,174.01026186905335,179.45963532962,159.4187983828518,169.74872767081723,178.57760935596684,0.003657525913281877
Video10,156,176.4358710424291,178.0444611373085,164.1037012976911,167.31653948712187,177.81030994177218,0.0035275060570601263
Video10,157,177.27165756407544,176.07919261459526,164.70741869744467,165.752956545215,178.72473279100154,0.004225114981333412
Video10,158,177.89179658337656,174.56438217760197,164.36720844030913,164.19758867252457,179.27250108683413,0.003727705867001509
Video10,159,179.06642243761885,175.49542710196792,166.09645014467787,163.89661055584196,179.64973456856728,0.004995549041213413
Video10,160,179.3070240623762,176.9189550021281,165.9637387746672,163.1700499314311,179.89595987124724,0.004427707556522252
Video10,161,178.7754305463146,179.78542591579588,165.2024834994418,163.72577821748692,178.9791474707327,0.004595104040521561
Video10,162,179.93272792803063,179.82268900627676,166.5235652830972,163.73563490707534,178.37708738076404,0.004624837275707364
Video10,163,178.979602611836,175.5328506014339,165.84147709383316,165.22037879020772,177.99783409183124,0.004849379487109906
Video10,164,179.56945368414264,178.63478523912065,165.8321133474329,167.80167167260197,176.55522846552904,0.004958551264170448
Video10,165,178.7791077823265,176.16865663352797,166.1282871166905,171.05020233590918,176.70258482382454,0.003770386405063398
Video10,166,178.75532520535452,176.56810851019324,166.58986693595295,171.48537206647202,177.18092712247523,0.003117776504068664
Video10,167,175.79026789289088,179.9460704780886,163.6320505829578,173.11643694910006,175.7989270497255,0.0025551054965365946
Video10,168,174.74607274901348,177.5445630694443,162.67818146532989,174.03398150844282,175.8372058019336,0.002168374079646495
Video10,169,174.61543139590626,176.74540589669917,161.86602400658845,174.10349152015448,175.32608469566657,0.0028411129658872385
Video10,170,174.91889918882745,175.189601945664,161.66830081419207,174.89706402707682,175.0642035019591,0.003180153442151619
Video10,171,175.24328676404784,169.15342867416393,162.50277085716993,177.51919564011322,175.54998396961065,0.004744319753213366
Video10,172,175.0688167490514,170.28596762429558,163.04252655429238,177.4872583428575,175.77881788972795,0.0035710258014274346
Video10,173,174.79335670477883,169.76857684885132,163.54542283024057,178.52341248468295,175.94604953158006,0.003448869242812646
Video10,174,174.97186599628793,170.1622393677661,163.97692698579638,178.54428210692657,176.24558810730085,0.0027159005403518703
Video10,175,174.35532830427195,170.65284011988174,164.1847589355388,178.71059662299072,176.87540351844115,0.002238098644849029
Video10,176,174.66026603733945,171.67470456817074,164.98280387729037,177.70866915252674,177.79905229076323,0.0027055584571578166
Video10,177,176.45376799477535,176.2251514405711,164.94564700249404,176.61671099932724,177.97633511357543,0.0037977675145322637
Video10,178,177.4728509838007,175.26192171998906,164.58490507055902,177.1051329351604,178.39572734093187,0.003539104127522671
Video10,179,173.10276237465493,177.0644028826378,161.3717031356904,176.51387119904638,178.37274706604376,0.0027032076860919146
Video10,180,170.57565066000018,179.67194407316236,160.3918421301148,173.89661365211174,179.25184489356153,0.0024684579534964136
Video10,181,167.5516070973845,178.6439551888461,158.16857246627106,174.3817669281334,178.93553566731,0.002666997412840525
Video10,182,164.4763511964687,177.19080322822464,156.52544499030577,175.18249559198193,178.84965570096512,0.002688430023915848
Video10,183,161.45001985686497,174.6564297383321,153.0658164005071,176.4463872367349,178.29950244050212,0.002428827186425517
Video10,184,161.14535096151164,174.09980572986805,152.96442390055108,176.54635965258356,178.88586613907432,0.0018047116922609789
Video10,185,162.69743716218477,176.6900755712955,155.05055335257384,174.43746651950545,179.9792704378023,0.0026423743728435393
Video10,186,164.39649721285744,179.80564655799733,156.16023304860107,171.76903883996832,179.1505703750892,0.0020873813015041963
Video10,187,166.05923742127618,178.21022106194255,156.35366025104523,170.06665040602493,178.72662000244094,0.0022823070034836226
Video10,188,166.74466907165854,176.96850157482652,156.85084948562405,167.53348604109263,178.02643994227864,0.0019643947933659484
Video10,189,170.99109831330264,177.11951084400687,158.3204797288856,166.6403351268665,177.75893657417743,0.002968715447368042
Video10,190,173.9196731720948,176.71722174318342,161.11962788954938,166.17522162720962,177.54163856270458,0.002385721513719276
Video10,191,175.18018395273245,176.39366860086068,163.18190120250702,167.0395735052649,177.94406170082596,0.0031681516856858225
Video10,192,176.15843712685748,175.3177537959356,164.7525829728916,166.63773580516983,178.28039282588222,0.003559910438277503
Video10,193,178.3186050812428,173.40736074787117,168.20389818785358,163.88743456484133,177.99353897957988,0.0024498059894099413
Video10,194,179.17729796068792,172.55568187100087,171.2140500712823,161.798547982062,177.77062263031223,0.0023115918491825914
Video10,195,178.48237980587047,172.60490512153262,172.0003946547641,160.7809582966832,178.8198494073487,0.0029612418377038194
Video10,196,176.6116002730711,171.83833247352197,171.41389804548544,159.97084963164417,179.92810469982862,0.0024662202957904692
Video10,197,175.32810598903237,171.22022245739274,169.69265562214227,160.4561591087634,178.84059414495368,0.0025160664861852496
Video10,198,174.9160976966638,170.6202802209444,170.91541134637822,160.01691553620367,179.15795460316326,0.0022021360469586955
Video10,199,173.07451437577146,167.93166906402726,171.41291792903274,158.9083666503857,179.89795088836976,0.0022760647715944233
Video10,200,173.23038805770224,167.43942946199508,172.71171303690167,156.59561205137598,179.13830421353816,0.001627351750027049
Video10,201,170.80564771929986,168.24840417478208,170.11837007996198,158.0949968341654,179.571398548838,0.0016441069769136808
Video10,202,170.95891609227272,167.49196598709239,169.88403119869784,157.29556810256992,179.2218282210845,0.0013723852056445422
Video10,203,172.675689735991,166.8598954852092,169.63969032539188,157.04492029402468,178.8563707118603,0.001437959345904262
Video10,204,175.80838151304195,167.2364260063538,170.25929910624095,157.41358475680406,178.88252318891705,0.0016881042357647065
Video10,205,178.93711869696358,168.63081671558683,171.9588969762829,157.345626190085,179.0879655793905,0.0020602255156545886
Video10,206,179.0461589973483,170.27488607513703,171.81826191058775,157.33251131920244,179.12471594978553,0.0011751484690290584
Video10,207,178.4810443375428,173.5492512286156,171.08911951848833,158.51961551474568,178.93246142540931,0.0020600539265256913
Video10,208,177.70379854195423,177.99301272084153,169.59575818559935,160.10629346406856,178.90200805616357,0.0014469655174197556
Video10,209,176.7369636896708,176.23770278398774,168.63662035269928,162.87985423819273,178.9897135453341,0.0018081583760001451
Video10,210,176.112022950481,175.41860166701056,168.05115282584887,163.47765213744924,179.1837479033428,0.0013551170175725754
Video10,211,177.60114295541015,176.34330297421292,168.54621285633056,162.99048976473975,179.3835877597,0.0014641704884442415
Video10,212,178.95700152456737,176.7985041632244,169.63651784731067,162.45078530191637,179.92055904473503,0.0018947314132343647
Video10,213,179.70011136572506,175.85689202716063,169.91458176670344,162.40195688396471,179.68665297071846,0.0017348220854094493
Video10,214,178.68663209844613,174.87038509711078,169.89451743824915,163.23062824493007,179.46190018633456,0.0017745278098366495
Video10,215,176.65599534203199,173.3873295158709,168.92046552981904,163.9019675549667,178.6588947212896,0.001534311157284366
Video10,216,175.78303683997945,174.00515261239133,167.36296747356064,165.46865801198487,178.94807888772962,0.0018132554762291177
Video10,217,175.90625779176045,174.04300706061684,165.9007658745899,167.41525927306284,179.86350734358913,0.0009456186583547898
Video10,218,174.13770573833818,172.53690324196867,161.40297380603474,170.7678730337229,178.47549500563886,0.0010072543765559257
Video10,219,170.7536024011717,173.63512318828057,157.58057168256823,170.03700404319787,177.82213696247126,0.0010483215252558374
Video10,220,168.16103970786924,173.84121633187837,155.27589319099042,169.71574907980852,178.1384197071354,0.0010802845160166415
Video10,221,166.85072482715694,173.7866796482121,153.6596463129115,170.31426563769503,177.9428762876076,0.000872651735941569
Video10,222,171.1216679413346,173.761805844981,153.87393501874354,169.8843004921427,178.265068409385,0.0009745120099096579
Video10,223,175.0321882622229,172.88494928583103,155.1679470777091,170.03337723638498,178.6874097615981,0.0006955609177098146
Video10,224,174.97464013863856,173.29995729057694,155.60827848600638,169.84954765046155,179.00783636915043,0.0004895677169164072
Video10,225,175.08596016211501,174.19316490468128,155.67211826688666,169.51012019095788,179.06007413056466,0.0004996016170039355
Video10,226,175.93268437759133,175.47807530160006,156.10700469983828,169.65550093974764,179.07457941620393,0.0008319137674389439
Video10,227,175.92938701200927,175.75946870076945,156.03410740092053,169.78653924321534,178.9005315117829,0.0008727167591904115
Video10,228,176.06177494457089,176.8932998185244,155.65467182762717,169.69006098668675,178.17165566823945,0.0010706204356569283
Video10,229,177.37880690728807,178.77310091773046,156.0762515985158,168.51961368585526,177.89881201928793,0.0008671039884740673
Video10,230,177.91994924502163,179.85979224661997,156.49918125522112,168.47214314307897,177.3003675295461,0.0008470845041852992
Video10,231,178.85690327876162,178.92510929324368,157.4752513333233,167.6608185704408,177.07674158406445,0.0009661958073124758
Video10,232,179.2879147436773,178.91709492179038,157.22306541294415,168.19301632816277,176.10194164321078,0.0009567407947598031
Video10,233,179.2145372017378,178.52087225727638,158.05120876257112,168.29763388246533,175.30460639644068,0.0010152233369422681
Video10,234,179.40739752838542,178.02273141373675,159.60026446514237,167.52616680528718,175.09929887987536,0.0007115001931334978
Video10,235,178.6423118771658,179.23487837160096,161.48613881936532,168.1265655403805,175.36268686053967,0.0011290998169870105
Video10,236,177.81451219819067,175.9416307146469,162.47612201875953,168.94831738148625,175.34558415788862,0.0008646349112192807
Video10,237,176.04185992957397,174.72453708014686,163.83243435829078,169.4082753028364,175.22669930360743,0.0009660978208888636
Video10,238,172.88933449575396,177.84051875040166,167.20558589140154,166.24279265512715,175.98855026378558,0.0015525596611427538
Video10,239,170.78604128230631,178.52785609882463,168.81318628527308,165.16174955187446,176.1672621780645,0.0021246414292942443
Video10,240,167.8747169696723,179.28123828901496,172.0016989161935,163.95816787255413,176.71565053454344,0.0008785115046934681
Video10,241,164.25351612369465,178.5847958731592,175.39505322449108,163.27586662285475,176.82826151650735,0.0013559934767809782
Video10,242,163.70005588879746,177.01893215222796,177.5028196518263,163.3864808911578,176.9528584942812,0.001014815135435622
Video10,243,163.0664579696553,174.62178142457938,179.27689510540483,163.07187025972127,178.21057374098294,0.0013883673783504542
Video10,244,163.04362628891656,166.75242387328052,174.72724440897767,162.43501064489226,179.81622852246215,0.0024956428643428934
Video10,245,161.91205106522742,159.86870592051233,169.96510004085505,161.83832843245045,178.8017048054992,0.0033403635025024414
Video10,246,162.18747431380766,151.52127165036953,166.3380165165862,161.93040091425283,177.86677315238816,0.002407982493891858
Video10,247,161.58725385685983,144.81076517255386,161.96113515520057,157.70248196367572,175.47905181137835,0.0025019699876958714
Video10,248,163.90460684512954,141.59757322995398,163.13463034155563,156.6422494701309,175.17445592859258,0.001636185429312967
Video10,249,162.74452973971648,140.3693831205947,161.33479660167183,155.91981920086113,174.24275044910235,0.0024346709251403843
Video10,250,162.20231085927702,147.7482834322416,161.4228522600743,160.78585662758192,173.82612222553155,0.0022961935310652727
Video10,251,159.13746889260105,154.0945141793423,160.3448683854389,165.82796027716137,173.93507347044957,0.0020408187851761335
Video10,252,157.60610001395895,160.6556952117685,161.82708099359863,169.63245843656682,174.30318445228292,0.0017556638428659168
Video10,253,156.5804599181872,162.15244962840032,164.04699054323757,172.69950682669676,175.8697373635456,0.0019534586957006754
Video10,254,157.208197561271,161.41473511734426,167.08154502826434,172.2028277634292,176.4048145553245,0.0018573430451479826
Video10,255,158.42402261615072,159.67252955283885,169.4010489613205,171.46180262231738,177.01008437672922,0.0011666073943629393
Video10,256,145.2234996937504,158.73744208855007,165.11884454946127,171.20477980340854,177.60499877229816,0.0019832637273904047
Video10,257,139.67597992013242,159.0371123739351,165.58268349668424,173.30594796199594,179.2586074275976,0.003094659610228104
Video10,258,136.68544325792163,156.21295804783807,164.85418930513904,172.4669782702203,179.15308825451757,0.0023292235352776283
Video10,259,129.0834149653905,156.71532880587665,159.75015181752843,175.45116611415486,178.65696842810064,0.002811472524296151
Video10,260,128.35450673576582,153.2720396774025,159.90202377007805,173.8501480092114,177.92518808060976,0.0023417161269621424
Video10,261,135.4406309346124,149.56609030491518,163.87684542803436,175.92972757117536,175.6831903362099,0.0019305980566776152
Video10,262,139.35727805615545,155.09104346998666,164.16657656331523,178.39990155972734,176.40429803437075,0.002158425522573065
Video10,263,144.03938072979594,162.60474809780476,161.54227813545936,178.26058252200338,177.77877503705434,0.0015812809720183855
Video10,264,144.50054129977792,168.29727997957178,161.63820718998,174.8049915403756,177.43254913689103,0.0015175112269141448
Video10,265,150.60730818994716,170.5836509420853,162.9463703961084,173.24995886805573,177.7289954747352,0.001198685530460242
Video10,266,162.38697753178286,174.7157482865655,165.3834185726039,171.35162132531002,178.07382920899053,0.002011260299971611
Video10,267,170.3384618940811,177.89975065912722,166.0323878281984,170.86026339744708,178.3879666431865,0.0021560738484064763
Video10,268,175.19283418119804,178.54684666428508,167.97747240358598,170.34591147571462,178.17424250038843,0.0011759567441362332
Video10,269,179.90455519563318,179.6169880022922,167.92643640215883,170.147081528909,178.49422683183542,0.0012917572801763328
Video10,270,179.39222287866005,178.814039857963,167.27136525030153,169.6579719980809,179.3889943389715,0.001393498796405216
Video10,271,179.88809763880136,176.30716626306878,170.63035847877728,165.9632485655326,178.24041852066975,0.0012691337050813642
Video10,272,179.90385448607083,173.31563196989958,169.84837225676753,164.8995639577351,178.5992978293612,0.0011595921082930122
Video10,273,178.04614170120868,171.30954090948725,166.83964410386608,165.8010422928193,179.58262226556928,0.0013576727924924925
Video10,274,177.8565901756566,172.43058092970057,165.91470144840358,167.8329283978763,177.88532815458709,0.0010821981863542046
Video10,275,178.5107530543958,173.91867758777235,166.9913039735829,168.6745180371939,177.77066526316955,0.0010144322207479707
Video10,276,176.1061886442311,179.16467039734903,167.83829296889022,170.87381049856475,178.2522324520798,0.0015486645879167523
Video10,277,176.95272377508326,178.74554484515224,167.43685433880205,172.63062982401146,178.02590268069977,0.0009079142050309606
Video10,278,176.67849589205957,177.12420982717296,166.70504111551335,173.54643666275678,177.7361542291533,0.0007033370661013062
Video10,279,177.27024936185833,176.76440108015663,167.83586031759134,173.60147855869843,177.96174010070294,0.0006661636359763877
Video10,280,176.89694136062585,176.84210189669656,167.5852606649967,173.33060333453878,178.07431770679676,0.0007040703838521818
Video10,281,176.1237981951329,176.33150733297276,167.30536106768838,171.01149183953828,178.01398464841793,0.0009738793878844256
Video10,282,175.82901957375725,175.80599427975366,167.19300894021882,168.57207390872685,178.07872021775586,0.0009282782222285449
Video10,283,175.7495839194603,179.02732722289537,167.26207670737892,164.44889676969274,178.000936573236,0.0013087324120781647
Video10,284,175.7900364342684,178.63309289846254,167.34126422271177,163.4900903059573,178.03889161942203,0.001021931117231193
Video10,285,175.64026262466334,178.13966503716233,167.0597605408164,162.68838312722934,178.12418801277755,0.0008302538683920179
Video10,286,174.7695236713423,177.7142937061769,166.81879205939032,163.01308457810185,178.5576312001418,0.0009520677002993523
Video10,287,174.30684450034076,175.7958538385911,166.97905408019963,163.8179220468773,179.62725737120223,0.0014603034113392702
Video10,288,174.19333031068584,174.9550766161029,167.00322374648715,164.58297948859868,179.77445751891878,0.0014878890731117901
Video10,289,177.19849875396548,174.7225560596383,167.8322676292174,164.65444789208638,179.14593370377867,0.001330341805111273
Video10,290,178.79773507538619,174.3351200323128,168.07813998970175,164.4215927248367,178.5189884353887,0.0012802662271441869
Video10,291,179.8210540451352,174.85726923294692,168.04241826367686,164.07026138274637,178.15077350259833,0.0012008421348802963
Video10,292,179.70138408923637,175.07391156977502,167.87334394600077,164.2602630136459,177.80011871855007,0.001218963301543035
Video10,293,179.90158665330733,174.37167741122352,168.52959049518157,164.53123829866675,177.2162771047865,0.0011632108327114237
Video10,294,179.63003675050496,174.21783322261328,168.15259750106674,164.97702871929044,177.1283638815722,0.0011471437685417398
Video10,295,178.24177965221577,174.03075654247314,166.99343244966937,165.1854781468812,177.09324490953864,0.0012375035069205553
Video10,296,176.8858314548442,174.5882194555775,165.45942014438322,165.39432261545994,177.13388305061466,0.0008909891952167849
Video10,297,175.3251516952627,175.36644665004988,163.52947210771313,166.228317150215,177.45934095425156,0.0010273939732349314
Video10,298,176.006558025505,176.03679934239779,164.28884014167156,165.92950447702353,177.18543754220667,0.0007139665610862458
Video10,299,176.99972541140946,176.8033793857247,165.0873414977862,165.42322366049427,176.87193488057238,0.0006658209092689308
Video10,300,177.44241740532817,176.80532466979722,165.69416598148084,165.0799074138253,176.52303424174832,0.0004490455894759173
Video10,301,177.2753718466697,177.1843462011692,165.52344240830908,164.77440021471503,176.4399744858403,0.00041414526375857183
Video10,302,176.41713555389234,179.37012637098053,164.4639330998875,164.19906632338228,176.716568126221,0.0003756465333880817
Video10,303,175.99093549895738,179.1891051405748,164.14641319417404,163.87740496767086,176.69839721969558,0.00032467191869562577
Video10,304,175.91014262740185,178.63424473841286,164.13261708131026,163.95813040837928,176.70273775374312,0.0003047431960250375
Video10,305,175.2436637262318,177.13184138034146,163.14807453242256,163.89999668298248,177.00657289247258,0.0003816038370132522
Video10,306,174.93332758812682,177.16798212855105,162.65644224891983,163.7626579932322,177.08441911444936,0.0007683418013832777
Video10,307,174.07075882128746,176.78057024845884,161.14975643983746,163.92793784771715,177.39915363858043,0.0007156228477304615
Video10,308,173.19338932502927,176.13076458869173,160.02773022766107,163.68542475854997,177.57318451831293,0.0009513384465015287
Video10,309,172.20243767105973,175.89004684835047,159.13520402499648,162.87504079926225,177.47379241831493,0.0012645423412323048
Video10,310,171.88177347391053,176.18635773992753,158.45302949695653,162.6907359742334,177.42583167752443,0.0016362956075957318
Video10,311,169.85511501454786,174.13104651214854,157.2109026166367,161.0449365981319,177.30370557541934,0.001990836678129254
Video10,312,169.54738854880694,172.94136578233312,156.6118797386511,159.10008605155195,177.0229039037693,0.00222015335704341
Video10,313,167.46146477113095,169.12788377732232,154.8312652818973,156.23093953829286,177.0099044729998,0.002629917679410994
Video10,314,166.09975782777795,164.0670078865233,153.24444111802308,153.0917266303837,177.0975911836507,0.002854528300689927
Video10,315,165.1054035429555,156.74672482356613,151.41662891271756,148.49435261784419,177.17195700368057,0.002891801974990151
Video10,316,162.19060076297436,154.29033601299395,148.89951544185098,145.32933424664097,176.82722168966345,0.0025986098881923773
Video10,317,157.89242180685855,151.84378821565267,146.63849653023058,140.6354554162165,175.85318061403896,0.0026129416444084868
Video10,318,153.87562132602073,150.49234010105636,143.69769514525575,138.283033440129,175.6104392501137,0.002552534594680328
Video10,319,150.04345242937188,147.79658102007537,141.04840433893196,134.74501144190342,175.21871534372727,0.0023038739507848524
Video10,320,148.39471691086766,145.50725347278663,139.35555244531864,132.4048036824437,175.32302499364943,0.0022772970524701187
Video10,321,148.03202518484017,144.04937906406013,138.8015646233604,129.51047267514784,175.25808497777385,0.0019119110974398568
Video10,322,147.59251549442004,147.63997749138196,137.64400587057028,131.0598952433756,175.48494386658567,0.0015882542639067661
Video10,323,147.56814764388227,145.8999693336257,137.22266321752133,129.52915486314342,175.75983407557715,0.0013075430284846938
Video10,324,146.01893354284155,144.62813711171688,135.2453650093461,128.08954236954332,176.06896491048118,0.0010166208852421129
Video10,325,142.07803656917696,142.7904836305619,131.5658154746744,126.42200055506595,176.7064785932155,0.0009165514599193243
Video10,326,137.7793853714387,145.48133783017713,126.78155013764025,127.28414785548044,177.03681406809793,0.0010038067897160823
Video10,327,139.4801270439652,154.5742226348214,127.82766645181725,135.10862559027,177.9760746246393,0.0007713987971797125
Video10,328,141.80052907933245,167.02965821776095,129.62287634069096,145.37809080276534,178.60973451709006,0.000774684277447788
Video10,329,145.99167950676642,172.65398796291888,133.6311005298982,149.21873655423946,178.4999406429477,0.0007781363797910302
Video10,330,146.23840205354608,178.38331465036552,134.73627156215372,153.74855998630338,178.52196187662884,0.0008962199543461672
Video10,331,146.18386320897585,179.7148799883962,135.11657434366785,154.89163438594278,178.6342219223012,0.0008419851462046264
Video10,332,147.10555231808365,179.6148841235078,136.4462748021349,154.64786771992894,178.48304402309378,0.0008654851805080076
Video10,333,148.46972598509228,175.71150670391708,138.81299018294538,149.58824394128322,177.84630155818925,0.0006400577046654484
Video10,334,146.81827697128693,171.09514924492092,138.50827739098423,145.02716591226954,177.3611415207706,0.0005399173859393916
Video10,335,141.71387795770468,167.74409669025218,134.9483040428283,142.18945262306076,177.31385818453933,0.0004786934816476079
Video10,336,139.14960867424693,165.91510471505217,133.2420207694409,140.55680915208094,177.2053630029696,0.0002919584512710546
Video10,337,135.044578922903,162.85053081109353,130.30635672271282,138.1660047219535,177.17846925670156,0.0002795552665537045
Video10,338,131.7016450539683,160.437588452765,127.68446381370276,136.35391140942207,177.2857057135771,0.00023981025724699752
Video10,339,128.49404876153193,155.70486560488536,125.18657835314205,132.52172847358145,177.28937528965977,0.000241473768696643
Video10,340,124.90624753662554,150.61800881894032,122.42748961186764,128.26343797879275,177.25833610071805,0.00018554203438035782
Video10,341,123.39648166247574,147.21175574412067,121.13030769861257,125.69059623963508,177.2501063750979,0.00019935360460570785
Video10,342,121.93065424302723,143.50286809274675,119.91677631188178,122.95061825340721,177.33278364244356,0.00017539027965430225
Video10,343,121.09973407169967,137.61474102298263,119.2047572943811,118.3503400272136,177.24967366503705,0.00013636639623930877
Video10,344,120.8978468409711,135.29098620073904,118.93619430308343,116.27322836950808,177.24199938750522,0.00014604447465954405
Video10,345,119.59401751129383,131.94982570395027,117.77230749961052,113.34036663909812,177.2259382152248,0.0001399002291939492
Video10,346,119.38787757614962,131.45712175792534,117.70497056677308,113.04426427603353,177.22250281136306,0.00011388054399779012
Video10,347,119.54225727392239,131.83121208960583,117.77383067478489,113.40067593295848,177.21184810291538,7.127089933915572e-05
Video10,348,120.06675690525508,131.87198119878727,118.46780000382762,113.46018218865827,177.1064877584827,5.8534470471467996e-05
Video10,349,120.42382313130904,132.4750157225935,119.16040557762132,114.02771687378015,177.05961965674163,5.4364403088886695e-05
Video10,350,120.54056674989587,132.95501585491442,119.65011690985257,114.45481979693973,177.05316425264263,6.5117171316435e-05
Video10,351,120.90278469361249,133.7640733121168,120.12243933049035,115.05532702854143,177.02239862313712,4.404557473731091e-05
Video10,352,121.32011486197645,134.4707503924374,120.68872506503934,115.41633807652298,176.8870814748498,8.663535118103195e-05
Video10,353,122.855786450656,137.1581294900487,121.91042415674842,117.57190794012082,176.85187182823748,0.00017119718320442474
Video10,354,125.32788779160418,140.5463566073228,123.68998040453432,120.60421431103777,176.78372152971855,0.0001904797373395986
Video10,355,127.38081893595866,142.5431140028415,125.51459992067547,122.4757272011393,176.66597784424016,0.00025535261992251814
Video10,356,128.00925956075548,142.7491103127661,125.80538313497081,122.68002127959461,176.61151737737532,0.00024545237873540286
Video10,357,128.17478518216143,142.74282632705848,125.90603995126894,122.27708146567953,176.33733572503724,0.00024984325423385323
Video10,358,129.75566544731686,142.59927973445073,127.24394440861211,122.00145475161625,176.18856146809847,0.0003435146628004115
Video10,359,130.38934834358886,141.6878812008167,128.09679289179257,120.86156169025978,175.90031264046752,0.00047555520679011575
Video10,360,131.1676209263811,141.1785336483662,129.14372548773937,120.16519800371567,175.4307707111253,0.0004954694798498442
Video10,361,130.7510792573352,142.41321231117752,128.50692286896816,121.43971109591419,175.5257244475134,0.0004289317311662608
Video10,362,129.04528239479984,144.15123945023458,126.99437326098757,122.8567643587866,175.38547335940854,0.0004570913134199175
Video10,363,128.72228978036003,150.14497152688244,126.2709641647221,128.9687582058364,175.71619933088337,0.0005804300308227564
Video10,364,129.94845732391272,154.04613044701247,126.83197547590349,132.54492139798114,176.01948701833385,0.000503716143694791
Video10,365,131.46611731777458,153.9454914603971,128.1655282774881,131.99983655361086,175.5689942614565,0.0005171637643467254
Video10,366,133.91525315450696,153.76155675010344,129.82062142132935,132.12638566066266,175.52670031557798,0.0008458522233096069
Video10,367,134.8959120704193,155.56673269303386,129.12544504607345,134.5147233109357,176.00487731105798,0.0013047556082407658
Video10,368,137.64740695010443,153.97774553592564,132.2072375049099,134.37503563622337,176.0330306523185,0.0014949210665442694
Video10,369,138.93201439878297,155.92663220422008,133.44931490294763,136.50708243190385,176.19004537165966,0.0017134023435188062
Video10,370,141.21947623026216,153.7132044512482,135.74137392433417,137.26902251654866,176.640948789575,0.002087639588298223
Video10,371,146.15470465264696,155.16826430497363,140.9422774822688,140.410222823297,176.59021389097117,0.002516202854387683
Video10,372,150.52162150163136,157.52930585385013,145.98478643972743,143.19018313459088,176.245461379549,0.0030753729921398705
Video10,373,155.72350402439943,159.4327965062093,149.91667329538134,145.47479878591844,176.19187032819244,0.003361142494461758
Video10,374,157.41195235627708,160.88506343306858,151.8217297600878,147.21322417870078,176.11538193612955,0.00357161688082146
Video10,375,159.68753186241742,166.3886856121287,153.81865358441536,150.6681203064027,175.94761153382362,0.0034181728507533186
Video10,376,164.63020792476922,171.21199501347846,156.71448471253035,154.23930315011816,176.17815180574786,0.003166214083180285
Video10,377,168.02171106927128,175.70268283839374,158.7320537417168,158.602648006309,176.4340639860785,0.00283758477731184
Video10,378,174.42883113877787,176.3954135529176,162.07406460683603,160.59648154435763,176.79973517881513,0.0023969443458499388
Video10,379,174.52720184443805,177.8056568469255,162.15896139877665,162.5028616986535,177.14257700103744,0.0021316603277668836
Video10,380,176.1890722718759,178.34529971148427,163.01233739772252,162.80394863403237,177.1762255172052,0.0018221311496965822
Video10,381,177.50875687235006,179.13534543599945,163.5657997523228,163.84647626728443,177.46236840860686,0.0012918909390767458
Video10,382,178.5701840762053,179.22426921618913,164.04053531215726,164.00507369639735,177.45859095478178,0.0008929949818235413
Video10,383,175.29053921656546,179.87694758976087,167.54314816426384,164.8694549963433,177.39932805008743,0.000591921535405244
Video10,384,172.5274112168973,178.69044826713062,169.24117938965784,165.2742879250386,177.1376772021121,0.0004985513109149312
Video10,385,170.42657708997083,177.9716852928083,170.77667628869764,165.63176492171522,176.76159282497784,0.00045209355426557304
Video10,386,170.78953984783394,176.89705503243246,170.7698072211258,165.96426393547486,176.54086765939533,0.00026276301253925165
Video10,387,171.00331061502044,174.82115875039716,170.23372310221524,167.55996278616257,176.78526685619033,0.0003400724945646352
Video10,388,170.84611211203182,174.0266377608573,169.5341536775049,168.8431299733311,177.1595178819096,0.0003927729346535498
Video10,389,170.92981822641067,173.6283140266486,169.11954734025753,169.69031236762603,177.35113877893116,0.0005448898582747488
Video10,390,171.66048212842094,173.29070652798305,168.43483887357056,170.2532179163349,177.59852532927303,0.0005675346562356618
Video10,391,173.03772965176947,172.62906719067337,166.72691066655446,171.09044994656486,177.96381440373216,0.0006547339937903655
Video10,392,174.83038183420075,172.3109923333815,164.59935916757777,171.8562559325226,178.38807314597716,0.0008065619251944819
Video10,393,175.4985127994786,173.54541833001915,163.26767888193734,172.1604025329484,178.76757761905222,0.0009896276575146342
Video10,394,175.7306260383212,174.00148248188682,163.64618753412134,172.14383945363028,178.31659619938296,0.0010007046388857276
Video10,395,175.92697193944272,174.23819596173146,164.4139441882002,172.18867870615338,177.7393052737203,0.0012556395747444855
Video10,396,176.5452626565831,175.405434885837,163.98407338377683,172.54297685942066,177.721778462787,0.0014188863111264727
Video10,397,176.5387771537074,178.09491308180333,163.5505609392714,171.9332851718382,177.58992586628742,0.0013960428310163151
Video10,398,176.60662700854232,179.66631335776066,162.91111613410737,171.0536125720508,177.36522140137612,0.001254753632978956
Video10,399,176.00772667356,179.39716534790384,162.15226779534817,173.046185663409,177.68839287208883,0.0010753987413464187
Video10,400,171.78818454606267,178.6889562688772,162.4480688914622,174.22257043152587,178.23849597263785,0.0010034297451828457
Video10,401,168.96135093334996,177.7201848686385,163.85275617416661,173.89047444809924,177.84583225904888,0.0009751238606192857
Video10,402,168.42120660030784,177.31044866282838,164.7600597123376,172.91036404435988,177.27569737463497,0.0008530359376560567
Video10,403,169.078417202302,176.949444928623,165.014776911962,172.8234434272917,177.1961237436378,0.0007706266460996711
Video10,404,172.14282377801845,176.6094173838433,165.4113721428229,172.64227573641,176.356321047558,0.0012675248312227637
Video10,405,173.7756372189357,177.48832766532996,167.00097628294978,173.13223927213934,176.09447520425897,0.0012752436327211844
Video10,406,171.31663529907067,177.562726333359,169.26526010542062,172.9781973041686,176.00597258351758,0.0011570814884070194
Video10,407,173.45841551937121,177.56245803899995,169.70248174407723,172.30611452244497,175.72423631027644,0.001150570132515644
Video10,408,172.92742773283126,177.56664091774604,170.68346566236863,171.66993414739218,175.58465123907357,0.0010372350613276156
Video10,409,173.28540789458629,177.81497811696994,170.9102466421959,171.2331087942739,175.45013932895307,0.0008956035881331447
Video10,410,171.65739631412632,177.04892218337903,172.34223883255848,171.38785853708245,175.50860382082374,0.000816529447382145
Video10,411,170.58700502222348,175.936987877516,172.3973468759326,171.5538784581633,176.01216385375304,0.0009269429878755142
Video10,412,170.61964135562832,174.8086488228379,171.1295161441716,171.96440329037222,176.73418403083434,0.0010142272168939773
Video10,413,171.46152210471385,174.6403771841437,169.57452177802537,172.763320846624,177.84836165699375,0.001442146120649399
Video10,414,172.7544151427849,173.90806278488566,168.6556123719114,173.4157707837083,178.97399798699007,0.001631092844587383
Video10,415,171.58448411847968,170.60470147824924,169.101649785007,174.08875974441088,179.71243615367032,0.0019299329230279643
Video10,416,169.55855339725196,166.83698467106416,171.07191136927736,173.0051740396983,179.27417778059197,0.0021005981799327956
Video10,417,168.45645745545667,161.24044388663668,171.44087970642377,172.03739394170262,178.5072789936591,0.002487611138459405
Video10,418,166.79254268249804,158.34151739878072,172.70921966791244,170.45436761253578,178.1537503937736,0.002228829445260943
Video10,419,170.43755423920794,159.86146573076581,171.79119436763835,170.22507629676207,177.97500694680642,0.0018997752305233186
Video10,420,173.32948815996733,160.04971454270995,171.74036170381643,169.60103234923275,178.1517517206939,0.0018814197092345182
Video10,421,178.40642759469242,159.303485378904,170.7493374605245,167.7072979950097,178.8410001158976,0.002002043254447711
Video10,422,177.9485855310478,160.00443677901177,170.61338635629068,166.16128360860546,179.3382907417538,0.001979271119291133
Video10,423,174.58310130742862,165.0500295465648,170.10266614262972,166.99278774195167,179.53953458833007,0.0022866021503101736
Video10,424,174.05658890415637,168.14708560197639,170.98140993581364,165.9982088911976,179.89209922781575,0.002481703053821211
Video10,425,174.66208691509684,170.68115850333243,171.54624536673745,165.53218208803423,179.93738830416822,0.0020877199642586036
Video10,426,175.49673974380218,175.23011508100925,170.6875953710119,167.29310571435917,179.3914690412772,0.002334499900991267
Video10,427,176.30548023228627,179.47000908369816,170.32296922810784,167.36246135849876,178.9075974369286,0.0016352981328964242
Video10,428,177.01401201256687,175.76747097109867,172.2876661738642,167.63337533113193,179.35744549347092,0.00178251438068621
Video10,429,176.9085745018453,172.70455175741358,173.1129799733335,168.2609828389427,179.65611699657418,0.0015822522567980175
Video10,430,176.06097535655127,173.12250276313324,173.55087616258612,168.10428930824412,179.73874121933179,0.0014586249987284352
Video10,431,175.7802912370861,171.9472743160898,173.25571163205942,168.27438744735446,179.24251344915234,0.0014497863523887857
Video10,432,176.55221190342755,175.6061088533388,173.63872125896896,167.23138879145029,178.51864827290274,0.0021442355531634716
Video10,433,179.88581207413935,178.25847190356913,173.96452706255155,166.2411489464929,177.6841612778478,0.002393587069077925
Video10,434,176.9901370179956,179.71937546853843,174.068768109957,165.74043301185847,177.21396930423114,0.002106868859493372
Video10,435,175.78107736181124,179.45894266899572,174.7118906987011,167.723603290577,177.11537643904083,0.00245620355461583
Video10,436,175.52853228354857,179.7609741279719,174.5902451792725,168.9191267584711,176.92264930459783,0.002820967724829015
Video10,437,178.46035139400422,179.54971551088698,173.7874916522523,171.11787725848032,177.17253684636796,0.002749105746095834
Video10,438,178.5588425088363,179.49091322066158,172.14349739272214,174.2794735595412,177.9110851809089,0.0032352220379944954
Video10,439,173.30229049894152,176.8555845676804,169.78255998605184,172.79382584497228,178.00280351304187,0.0033534076629263077
Video10,440,167.97567072914217,177.00880293833018,166.3135356033618,173.62673297451906,178.43950270451845,0.0027103304411425703
Video10,441,163.10299880870468,178.38752606470194,162.11929881972503,176.02163323703607,179.1165614102581,0.00309024502833684
Video10,442,165.50926296559092,178.19039003864518,162.3952814645474,175.20345511083923,178.57811067204142,0.0024691373109817544
Video10,443,169.73178181150024,178.05822862246643,163.94494980757347,174.3303897153757,177.93451213829854,0.003152246276537582
Video10,444,173.706934652948,177.71844380190947,165.1987908776548,172.86700491899356,176.91722202620934,0.002769706601446328
Video10,445,178.19491638965184,176.5016726062067,165.92282748552844,172.8593649199499,176.5257498402508,0.0027086337407429975
Video10,446,176.94755200848775,175.89411518870529,164.91127809933968,172.6011058576679,176.5363522442104,0.0017411884936419392
Video10,447,174.91012680727914,175.5454592229115,164.1776897385958,172.8623368017114,177.1574287915075,0.0015756144668116726
Video10,448,175.27292639034528,174.87665061944946,162.74468283239455,172.80485873955803,177.97456317762175,0.0017683239597262666
Video10,449,174.62352649163316,174.07124912667877,164.19443852103632,171.69963606634042,178.2160358447551,0.002207698244037051
Video10,450,175.2010400651712,173.9068679449198,163.67978735630567,171.9706969600416,179.0596247835905,0.0016657655889337772
Video10,451,174.7878052632454,173.38334459801285,164.18549134698497,172.18506161235555,179.67234315276602,0.002178726548498324
Video10,452,173.87707704542,172.69319817288934,165.15568045291255,172.5637085116281,179.59691189885808,0.002450676126913589
Video10,453,173.83305084140085,171.32851020772327,166.90919500526823,171.3470113307367,179.63214301487136,0.0026274194771593283
Video10,454,174.85061993443193,170.04235427440955,167.90650970282366,170.10602969814514,179.5903560943146,0.0034816136414354487
Video10,455,175.29404700041508,167.01590823849446,170.43988209037695,166.95450072494194,179.80106272125093,0.003992084752429623
Video10,456,179.50325401791991,162.28845431629782,168.5608867373491,163.72846161790287,179.97102767347306,0.004162424215764702
Video10,457,178.3823292797652,156.6588296956367,168.54728924050772,160.16749247166942,179.93839645122364,0.002816212899757162
Video10,458,177.39619498560745,148.80229750840164,168.8644431205678,155.7567872313666,179.85154326105078,0.0032122740239808076
Video10,459,177.88271823119985,148.67829421678235,169.7716802456027,154.32305978016626,179.98146584941506,0.003969814967025406
Video10,460,176.41377178227438,150.8461182446673,169.2881389357971,155.33272132910434,179.63574956895502,0.0033212518601706546
Video10,461,173.93562522186824,155.4930999778196,167.7249053997284,157.75101024918587,178.75936380490202,0.0032489554900111584
Video10,462,173.3371979967611,159.23754486083988,168.2700183675351,159.08789249132855,178.69208442589607,0.002306523422400158
Video10,463,173.17526499239247,163.57568217250702,169.00502772643785,160.06278601526446,178.79679504387278,0.002201115994742423
Video10,464,173.5929634420195,170.0753685428312,170.11824972356666,161.28280877178065,179.0896093962594,0.0022551318009694436
Video10,465,172.25620285753365,174.43527858635434,169.90027553940203,162.1962130675159,179.45925110322457,0.0009956307934992207
Video10,466,172.35506583450496,176.82370486504794,170.22751610408386,162.7516369969322,179.71890789112817,0.0009445979288130146
Video10,467,172.41935691470562,177.78882461780714,170.7222558346936,163.0061835527522,179.92092138797298,0.000971367639122586
Video10,468,173.11963823283884,178.23588145477697,171.1446801792924,163.35572474268895,179.94559262010813,0.0009348028988549191
Video10,469,172.93452010503822,178.79117954698074,171.03808490718112,163.65803184204893,179.9775443342309,0.0008529654958031314
Video10,470,174.2228881953357,178.58282106953536,171.7819643527997,163.44585736604594,179.9043516657573,0.0007475266853968353
Video10,471,174.51164938193804,178.79662498927763,172.0362622539023,163.45587032035908,179.814550970265,0.000948323670661809
Video10,472,175.1647058425558,179.007833458514,172.29759767045454,163.78842765733503,179.9010818506635,0.0009855910232572874
Video10,473,175.78361314083097,179.42624880827915,172.3815782822364,164.49131357703405,179.86177828531592,0.0013422541546099134
Video10,474,176.21265606068712,179.76640329899843,172.32864567742328,164.94317941306818,179.62242162384246,0.0007403806755037027
Video10,475,176.30627455879548,179.89467831087316,172.0886344389996,165.17217746520174,179.48157737378764,0.0005976788022301334
Video10,476,176.3591472459683,179.80474597867942,171.51980054178586,165.36297334779917,179.1556888767801,0.0009391790989673545
Video10,477,176.48904334123475,179.72708402448714,171.1005250141318,165.78689585787563,178.76471121585863,0.0008061690763993705
Video10,478,176.7313403713215,179.73123919747405,170.4947966644413,166.19507820020195,178.15670724139233,0.0009829627745079322
Video10,479,176.99443263088938,179.7543553172333,170.1302260983555,166.3683031129293,177.71129879030806,0.0015907574332121623
Video10,480,177.400305402419,179.9328120803134,169.5552166259164,166.8417037893348,176.84820206457837,0.00189601088112051
Video10,481,177.5754553848404,179.7346420003357,169.28987572979304,167.50668365066468,176.02569329024666,0.0020867613228884555
Video10,482,177.29022495025393,179.0935292402029,168.7267732489125,167.83662092984252,175.1610035867221,0.0018552776538964507
Video10,483,177.29485286869433,178.66185767865062,168.08096645065245,168.9744088784775,173.97580285316,0.0017223170760906129
Video10,484,175.77798923288645,178.05632829260682,166.05434228644367,169.91945542002824,172.56325802841394,0.0019975191715991838
Video10,485,173.059944580221,177.74711576198712,163.66849099586815,171.15365374135732,171.16122117443965,0.0022660527716983465
Video10,486,173.15572600936926,177.87181624264542,162.6039341417499,172.8367612350927,169.76690810204843,0.002517236904664473
Video10,487,173.54943420005728,178.07326756393982,160.95613863969422,174.30711559098555,168.20467395833205,0.002505501111348467
Video10,488,171.85828213969265,177.48721286722835,158.2678421820167,175.3090218429181,166.6443298825832,0.0028449597232269525
Video10,489,170.64049968279582,177.5638415732087,156.83287434289693,176.1009953017359,165.42843497355216,0.0025856228488864252
Video10,490,169.11173635367822,177.25526870219886,155.8248864867414,176.9039863888988,164.37978561694118,0.002406825847697987
Video10,491,169.437578458944,177.32947199156828,155.14955375854348,177.43304010854146,163.3655507187143,0.0023791361035722615
Video10,492,170.20425089335816,177.4128409170317,154.54787529508909,178.3884170082953,162.1003431823589,0.0022571003346732207
Video10,493,170.53037580742554,176.6836145757884,154.38938309553018,179.21854298651007,161.19294691384053,0.002505686924313047
Video10,494,170.86281982409926,176.27297878231786,153.62993714658177,179.90675697286528,159.99784475133012,0.002729145189126333
Video10,495,171.41197638151309,176.10557099544312,152.97262307261184,179.73582125805623,158.95532937874964,0.0023884382663351103
Video10,496,168.67666879239195,175.37874286385505,151.65522953063336,179.48570838007933,158.1480131835841,0.001940858860810598
Video10,497,167.96553907494163,174.70512980880773,150.69711573348462,178.87851725837467,157.21161549216984,0.0013164717591170167
Video10,498,167.47238835815318,174.60532041335352,149.93175843028757,178.05070491553704,156.45393437057888,0.0019446776220292765
Video10,499,167.1419201379218,173.7886363198044,150.11893049510965,177.9456471347131,155.95718932085654,0.0014209720221432748
Video10,500,167.14320813455276,173.35649049661345,150.26789729775504,178.0339529433759,155.4804468419238,0.001691803110368325
Video10,501,167.47673913721107,172.67080439632173,151.03646086575236,178.7248304460411,155.301807487413,0.0009617446498437407
Video10,502,167.50924480634947,172.05224891616587,152.2133092636638,179.52613623793445,155.93122918586815,0.0012970496759270164
Video10,503,166.6837027822328,172.19586772148503,152.3928276160947,179.0562239563091,156.3052869821469,0.0011956499833049217
Video10,504,166.02010488805377,172.35654849604944,152.5462920903692,178.8114711031038,156.60613130477162,0.0009608778989676282
Video10,505,166.02759031324243,172.36943500302974,152.9181733474698,177.99317941950906,156.99560095335576,0.0006157582004864969
Video10,506,165.80614986977898,172.00434243874776,152.85718669278566,178.01881658129162,157.10463051315952,0.0013519749045372063
Video10,507,165.9589411877701,171.70179579305525,152.88585163212315,177.97319270703508,157.18341693256548,0.0019160920020305746
Video10,508,166.24757309015357,171.80487689841075,152.7082338553724,178.40604960304518,157.04317368691645,0.0011674425367153077
Video10,509,166.38356970598545,172.2779191548479,152.3596380597903,179.29267311579116,156.87853609759475,0.0015324568658164036
Video10,510,166.08072364433772,173.24615380239294,151.4506394236951,179.44424799858447,156.66261253522507,0.001970720336292725
Video10,511,165.13472103142988,173.30816058363277,151.03942210854984,179.27795384372078,156.93236797564722,0.0019778263839808404
Video10,512,164.44398302936662,173.29939193482622,151.50106961394576,179.7981917661748,157.9320888404742,0.0017667753678379595
Video10,513,164.189399075742,173.63644208199946,151.7898495090174,179.80456026597017,158.6009161830712,0.002005645723053908
Video10,514,164.08246978719615,173.7520040617729,152.5549633592438,179.2530865819451,159.68172681863848,0.00239503248171372
Video10,515,164.62947619182285,174.5405110602227,153.49818645317913,179.11079848252328,160.683001783527,0.002254516112081939
Video10,516,165.4854341127939,175.15282484248047,154.3667942363029,178.29740512590115,161.86439956324804,0.002465165022647736
Video10,517,165.9131346744179,175.6283504300711,155.3639090332246,177.05319281490043,163.43611018437647,0.002489321836919503
Video10,518,167.0797675525698,175.48709799318843,156.47353399991889,175.88419745817845,164.93348755754747,0.003627379283760527
Video10,519,167.68901305744902,176.73594978964417,157.69071958168567,174.2052887351541,166.66260847990702,0.0035438156037619624
Video10,520,169.13848449978585,177.5059583716356,159.45596405561548,172.46655347115274,168.4794324185446,0.0030801167542284127
Video10,521,169.14822456091196,176.6855360641374,160.53305969483185,170.5951851859059,170.3671148540055,0.0032688810518293693
Video10,522,170.98542807367335,176.6631173804276,161.67879398980082,169.95569397298894,171.6320289347058,0.0030531517483971355
Video10,523,172.0493599706118,177.01583450094088,163.3210168599922,168.7689579940289,173.36692147233234,0.0034403805479858913
Video10,524,173.78092066978368,176.04245401035277,166.13586569010144,167.52270452461747,175.03905731128796,0.002622676618171457
Video10,525,177.15348700574583,176.9820226908305,170.0092549116567,167.33535936595933,176.55075908918334,0.0018572258678349594
Video10,526,178.24949820836298,176.06496445032127,172.00026062956343,165.9542522234453,177.55249253092651,0.0030422998648701265
Video10,527,178.65546758555362,176.1101790531446,172.11235254938023,166.06010711056692,177.92564904643825,0.002108987759460102
Video10,528,179.2691546689091,177.30076573488148,170.69929872839953,167.8329554437543,177.54736349219039,0.0016664873921509924
Video10,529,179.89001069169794,177.1043802283563,171.12800650459394,167.52338040704092,178.0538894366155,0.001949252278515781
Video10,530,178.6117043872328,176.18180646068106,171.96684484235914,166.66498119745313,178.65772660664132,0.001853316570773271
Video10,531,178.242311024317,175.92405982851147,171.6296149733917,167.00823732670165,178.71717341194753,0.002113616376212151
Video10,532,177.81837749474755,176.14953442554042,171.97631971391692,167.24178170725847,179.09843396851534,0.0017567222768610131
Video10,533,178.81890306811835,177.443783731407,170.66177111498675,168.52991026662974,179.21988996953826,0.0022965080358765336
Video10,534,177.82139811337584,177.4696765880215,171.0594639947404,168.3002909207116,179.72090021310996,0.0024315401008634836
Video10,535,178.62029996494587,177.74012598775585,170.46657919176394,168.2817537075896,179.88794949291042,0.0015656498797012085
Video10,536,178.17688990167903,177.71656299416279,171.7848238064714,167.30444876110857,178.7105848740439,0.0018073631958528008
Video10,537,178.5169917529735,178.02842985921268,172.60207109282464,166.41611369784542,177.36640649892476,0.0020877870194839702
Video10,538,178.54769033653068,178.4593113144925,173.24872698547688,165.56493822749619,176.00051538416568,0.002108485409707736
Video10,539,178.64421813541432,178.8587019328097,174.18704515336754,164.66963452448286,174.4485432727348,0.0029067241332747726
Video10,540,179.3239190153897,178.66508122974864,173.95307420916043,164.45865494970212,173.97551623065118,0.0019808653177636987
Video10,541,179.15132070525493,179.7113538666319,172.6058133115004,164.44521206903414,173.15356419029007,0.0020864395932717788
Video10,542,179.24393418972696,179.66721870614197,173.92596670742927,163.08308053422655,171.41335902256742,0.003745546620903594
Video10,543,178.8031322693194,179.5717614906614,175.62188013768352,161.2691879790969,169.2631049783345,0.0031393247120308112
Video10,544,178.78562017871465,179.36455892326515,177.7937561413701,158.8163394238354,166.9614277694876,0.0034749636595899427
Video10,545,178.54748414049124,179.68384817442225,179.55593241563594,157.88799040374326,165.00476073945964,0.002880475286281471
Video10,546,178.8620504421254,179.57893273789142,178.14801371929204,156.394271625783,162.84553743863688,0.003328667445616293
Video10,547,178.57710016878,179.72576329535897,176.9412257330487,155.17162193725935,161.03060065868564,0.003187223817362925
Video10,548,177.0037068894102,178.71082398377106,176.4721425696191,154.70927516755407,159.65388651919093,0.0028240938078273434
Video10,549,175.8186535942684,178.93278854641852,177.38174097896533,154.50636722699647,159.29859642842138,0.002400304783474315
Video10,550,174.48555498340107,178.2613124776234,177.39895603922957,154.8499204404518,158.48230385000824,0.0027276516863794066
Video10,551,173.8088221299309,177.882363930161,177.05043770045177,154.67814265470082,157.54763137520126,0.002510564119526831
Video10,552,173.53009505406146,177.66630786327067,176.58901534525597,154.25146813140097,156.63300307109756,0.0018401075944756008
Video10,553,174.45235726274208,178.08382107757984,175.08370672781382,152.79790733619674,155.49273495816004,0.001835851055203062
Video10,554,174.36672527130756,179.57769554587097,174.92049421975955,151.94426017516219,154.86797900440175,0.0012900447755148988
Video10,555,174.6548556625414,179.17282849487123,173.75520165913738,150.67169936080353,153.7830593034834,0.0020924343755750877
Video10,556,174.23436068006217,179.5940977427746,173.00600226891538,150.15132619065918,152.72486939675477,0.0019748317021312085
Video10,557,174.07320859841334,179.52630722760148,172.64586302836724,149.76352793051748,152.0991037557136,0.0010847869244488837
Video10,558,173.85020136927304,179.22635411484234,171.87086613994106,149.30309005165122,151.30672325950263,0.0014442625370892654
Video10,559,173.71559236210874,179.27171790185437,171.59545870827912,149.30303619652045,150.7587922227069,0.0015229813077233013
Video10,560,173.6642568151838,179.60390350289717,171.0022211293155,149.0227255677375,150.03578732501643,0.0014164093317407614
Video10,561,173.40913225218648,179.94610443425944,170.87111671622884,149.26860800099445,149.57733163719192,0.0009605426228407565
Video10,562,173.90290355976703,179.80763768733834,169.99625153906194,149.15330288192186,149.01676472427687,0.0011436544132955185
Video10,563,173.8398339778386,179.8414076101651,169.9471810048536,149.4332551846577,148.77650322623484,0.0006583926804137906
Video10,564,174.10076471410298,179.77417111123708,169.72674042000247,149.7329227237498,148.72688852836671,0.0006527417536937842
Video10,565,174.8633583768198,179.94693109738103,169.36619871469478,149.65096728783536,148.64867345508497,0.00040463832291689914
Video10,566,175.71400259808033,179.74489733978976,169.01115506516803,149.53642545677883,148.7124888851315,0.0006591316425439084
Video10,567,176.30907478599624,179.24966251350384,168.92967186617008,149.29471889094026,148.84205283039535,0.0005745445237015267
Video10,568,176.35469812174614,179.29625341279592,169.18588720461938,149.2072280896127,148.90267505721363,0.0004794577305967078
Video10,569,176.78839142659987,179.38313290303356,169.0736508082836,149.18503258875887,148.92972548813472,0.0012855383031296008
Video10,570,177.05452171757693,179.714509048651,168.57346459263206,148.9909046064662,148.77793513105962,0.0020147629759528418
Video10,571,177.58480297103196,179.2012000336888,167.48496977895678,148.00331817110063,148.3659167301364,0.00214839320291173
Video10,572,177.5096038492226,178.55283642217705,168.27134970275594,147.4813793360618,149.07090346526954,0.00277498522491166
Video10,573,176.7819793363192,178.91578312923676,168.639718940422,148.11712542141805,149.65797882562862,0.0011700260819810801
Video10,574,177.38909673679606,178.82967287026668,168.99164563897656,148.4275588173816,150.5385542636755,0.0014203813942995935
Video10,575,177.62136197471094,178.78602868831112,169.62325416880088,148.73931656221387,151.6929010254415,0.0025815537030046652
Video10,576,177.65156501088507,178.69618326711165,170.7797865354784,149.69458421182895,153.05293459614379,0.002237775109030987
Video10,577,178.09228598474954,178.52680826581948,171.07120459750604,150.1528918874626,153.98380769118344,0.0029488912586009817
Video10,578,178.25914829119378,178.29392419169974,170.80840393476709,150.21411930044005,154.76699161552537,0.002922996427073623
Video10,579,177.72090143872447,178.52252941951136,171.65990928192883,150.67405086221441,155.89218616923992,0.002832876461924932
Video10,580,177.76481273165257,179.32324398658835,173.4464233195349,152.80069032626204,157.76651631510165,0.002757473199656511
Video10,581,177.6773978203164,179.29926832940748,175.71070118415957,155.79695920086994,160.1176642777649,0.0034952136603268727
Video10,582,178.02573966123433,179.2808455905485,177.9481581921501,157.2021751214232,162.18861442437796,0.003326898045612103
Video10,583,178.37902635370168,179.60312854088878,179.95233396045313,158.47815284767165,164.25255864396084,0.0022391214063673314
Video10,584,179.17990035917953,179.93068508362876,177.81583348209534,159.74801063593262,166.50842633763412,0.003286821372581255
Video10,585,179.94751019753946,179.60896407568646,176.34246872300957,160.643645666156,168.43085634182924,0.0031611562678308166
Video10,586,179.2305443902458,179.7779243683512,175.55672598972527,161.82998710212888,170.06739325820413,0.0028322596441615762
Video10,587,177.90505438592814,179.87523423914982,174.93564225434775,162.98885378294742,172.10863784058017,0.003207591672738382
Video10,588,177.9531438398472,179.7215104911053,173.8211782337029,164.21397353564817,174.0436083410569,0.0026820195895252757
Video10,589,178.33026765204457,178.94410585882824,173.65802835568655,164.18488866254086,174.41404124283378,0.0024552234646045843
Video10,590,178.94248048824574,178.18363244148975,171.83271069011087,165.3907097802172,176.04382119334431,0.002565387523535526
Video10,591,179.45387204431736,177.1501720189016,170.93902197406968,165.90004403821968,177.17264068657968,0.0020787984584317064
Video10,592,178.89859926479488,175.98096603227827,170.96028305322244,165.43693408613524,177.82111762178246,0.0025536659540552078
Video10,593,179.14179390882958,175.38694094714342,170.58838617400147,165.6140320961173,178.67305650362673,0.0023360875519839236
Video10,594,179.12607929835562,175.25199670203298,170.01319156308443,166.57602935890472,179.52923128525998,0.0021414074933890108
Video10,595,178.54486026388727,174.62826180234595,168.69002796601382,167.39246637588028,179.2624269513626,0.0013838037848472621
Video10,596,178.27030680254668,175.2163306170032,168.12724368528453,167.85914909462565,179.00423175039774,0.0023843124508857697
Video10,597,178.60684664549484,174.94038137326987,168.16240439936854,168.0338907400192,178.96748326762898,0.002051066268574114
Video10,598,177.57222325562077,172.75756620007874,169.89109143795113,166.58512795985885,179.49723718335468,0.0024508723255359703
Video10,599,176.57616970953254,170.292563173684,171.9729446799809,163.74392496841344,179.44855853689447,0.0033791972832246265
Video10,600,176.2486349634484,169.3185966070136,173.12637417296736,162.39692399644133,178.85263551386458,0.004713223287553503
Video10,601,176.61487867250057,168.35132815001387,172.9304083546283,161.30624530045455,178.64266245551343,0.006005086456284384
Video10,602,176.777158247858,168.99244770939188,172.69684105901757,161.23577901412136,178.63041691006532,0.008740794478040746
Video10,603,177.10013097500652,169.42912312073645,172.45788717243445,161.84456598327859,178.7820551824563,0.006621919572353368
Video10,604,177.78272877043275,169.72560378819742,171.87638945821806,162.56828770374156,178.9077920666245,0.006399441623326504
Video10,605,177.89917975270498,169.68430249985735,172.12395870462797,162.37061050112177,178.687171174489,0.005878436971794476
Video10,606,178.72995568066176,170.56574349072386,170.825125307896,163.62975999950913,179.06553621821445,0.006088348500656357
Video10,607,178.6352225381763,171.74362393406156,171.57801940527088,165.09139028213556,178.61396243407245,0.005274847601399279
Video10,608,178.19791519971866,172.65392359858808,171.93436817075775,166.5851467597248,178.71382987620302,0.0045110619429385955
Video10,609,178.76375219157015,173.34081516547002,171.56631278462856,167.75335406858855,178.60830925410988,0.003322405345512163
Video10,610,179.27321233017167,173.79345256194094,170.37051856130464,168.6449285890656,179.09147808486537,0.0019036310188698079
Video10,611,179.61548856687475,173.993030581914,169.38129621925205,169.06606020332256,179.44057470791435,0.0019010822429801398
Video10,612,179.846357899525,174.16954178433122,168.96671911173064,169.13468350832252,179.4836320355717,0.0023812096227299067
Video10,613,179.89876034459914,173.88832996510249,168.99591224593257,168.7689325233326,179.35435288271768,0.00123094993107247
Video10,614,179.74125863378072,173.70193611847412,169.11089851375715,168.4297600647785,179.05620016740917,0.00045910906611067046
Video10,615,179.43315700656785,173.70426926654966,169.0277416020752,168.2193396057746,178.97010808788485,0.0005559115247292957
Video10,616,179.19771515953732,173.84641391213745,168.94452383380855,168.2453056156989,178.95344852092038,0.0003938112746585516
Video10,617,179.1353997360838,174.0457061883283,168.8519702594256,168.50235310597296,179.038700350485,0.0003018521449782703
Video10,618,179.17296223413322,174.04297704099605,168.82024148175236,168.56722270207086,179.08807787198253,0.0004043068849679149
Video10,619,179.29167926796504,173.94739031444465,168.68373397034966,168.73490086495823,179.1834479538261,0.00036610075921723884
Video10,620,179.5689290015945,173.91880174493951,168.4624551318401,168.9003947444197,179.266348283516,0.00027994111631856114
Video10,621,179.52016257736102,173.80648374772147,167.97961143809067,169.05728559319846,179.36876946435632,0.0002617711822191828
Video10,622,177.97209314327029,173.06396584604568,167.18539517189262,169.00766660607013,179.47835775393503,0.0003515066522540498
Video10,623,176.87265071004776,170.51538344351673,166.88812616557527,167.93372749479917,179.44605314556614,0.00081702705585595
Video10,624,170.311200690363,167.27229255883705,164.31298094486104,166.61103234579525,179.41329473420075,0.001552575916954959
Video10,625,168.3064919080619,166.5589013520837,162.6552892522958,166.54546577044172,179.8108571639658,0.0020019520412791893
Video10,626,165.20441052303207,161.96112980244465,160.8274738464247,164.52049449508394,179.84412667098272,0.0030936366229346235
Video10,627,159.57424404343826,156.86211673924038,157.75837067996423,162.22170829800612,179.7238402402054,0.004475605984528864
Video10,628,155.15825866445118,154.64389135234197,155.44088570202646,161.20228299657091,179.4041038744541,0.004040182539910987
Video10,629,153.87417023324048,151.38907996609598,154.67837465018366,159.0924415181987,179.5198464526534,0.004349585509661473
Video10,630,151.4648418943136,150.53810401626504,153.27103620277393,157.58634295243928,179.59138369130062,0.00411763787269592
Video10,631,150.4383634054842,152.4677867417202,153.57940809061336,157.13016956102297,179.95789037601872,0.005487953848911056
Video10,632,148.40064366010284,151.8542361131437,152.47724769891028,156.11718194877548,179.9196433759179,0.005126648554296207
Video10,633,144.71491105516765,150.9964988930806,151.05317847449922,154.67714272127196,179.75120242606545,0.005456944306691483
Video10,634,143.0922873925108,149.71949173805623,149.6766529750756,153.63095015413992,179.62729069513384,0.006414292662432701
Video10,635,142.68968307646853,148.41100703272053,148.31479124633088,151.40194728965363,179.25080958104814,0.006086333457267642
Video10,636,141.55266070397508,145.04622084055626,145.80086496573023,147.01036646311417,178.84464466219356,0.005846006852207767
Video10,637,142.57782385410385,143.21255897344534,146.38203885318353,143.18086701510268,177.97525545569854,0.006473676724867383
Video10,638,143.38780390986832,143.0036336556497,146.03345844707093,140.62385679012667,177.4886774241103,0.006341240622780546
Video10,639,141.25247993831294,139.63757561187055,143.77800028890908,137.06963275906622,176.69100161385182,0.00604717027057301
Video10,640,135.09170316203011,136.63534143640763,136.85172420432696,132.80979681732705,176.93085396417337,0.006043792222485397
Video10,641,131.51357838763093,139.97911148977548,132.73181387101286,132.62898584966476,177.03095318025984,0.005587927771337107
Video10,642,126.17403649564739,140.80014635788453,127.07986471963122,132.2440923375549,177.33515273146716,0.004776921236153805
Video10,643,118.55926445359643,141.59084325520504,119.22908640585719,131.57797373847976,177.8001951637744,0.004806006045052503
Video10,644,114.90845553800258,143.52061399134217,114.0168089684087,132.87410618000592,178.6075919644346,0.004055493257262486
Video10,645,108.94909969407452,136.91602585495576,108.00427937656366,126.0484554536078,178.76033959116563,0.003861392537752787
Video10,646,101.35888841941615,119.59742252307043,99.35567644053738,108.59072655141983,178.72153145079514,0.0034706339691624524
Video10,647,112.73297695857872,131.4860081569575,106.49435875105286,120.27603674297477,178.9466403859957,0.002491603746558685
Video10,648,102.18610256679399,120.90358084003776,95.24153523570058,110.04120623249378,179.3162760367662,0.0021378239898970624
Video10,649,103.36811589235748,125.9686447921753,96.05216933015765,115.5584273852815,179.36647013463403,0.001378299611987488
Video10,650,102.82788446641601,126.3959290248963,95.52656941347618,116.6135117871289,179.51157479728863,0.0007240392945029544
Video10,651,108.73514775550728,130.64881375497725,101.21891165014931,121.28128373851696,179.65724638812435,0.0014274770563298996
Video10,652,109.89541538049978,132.9529726970419,101.8175558602327,123.32451696905024,179.85980982207224,0.0017432394352826204
Video10,653,111.99540116610606,130.18599704995827,104.16005972171314,120.6409458328729,179.80868309374222,0.001847418420242545
Video10,654,122.1392286404636,133.6401086977837,113.56923650186131,122.1163181592662,179.78245594336056,0.002720360051501876
Video10,655,132.41932514436755,144.7388320724199,123.7145014836355,132.86251640872234,179.7662623851676,0.005216827446764167
Video10,656,139.0739698790224,150.62371060618347,131.1976440727828,138.9658364397039,179.50284879677514,0.006182918042847607
Video10,657,143.83884452653783,152.75953966814603,135.73797028278014,141.93220039047975,179.55375306376007,0.006356264605666647
Video10,658,147.0129443195145,151.46585528604123,139.20640188561387,142.14214653306,179.35377413826953,0.006158913626815338
Video10,659,152.62857498524693,153.3479317871481,145.23733763544453,144.78275429329904,179.01428120992932,0.006237072475028762
Video10,660,156.7229150642539,154.38859319519702,149.4011498497063,146.98740474136218,179.19374235673598,0.006141533454259236
Video10,661,158.42046355526932,156.02543208421298,152.4399287642016,150.3766748476215,179.65799814203055,0.006859312906409756
Video10,662,160.73288857471834,159.97585692577948,154.5902537727594,153.3055919246505,179.68166221199772,0.007202824859908128
Video10,663,163.0313989294167,162.47343309168286,157.47042971434405,155.8142014553787,179.4467374795152,0.007094683069171329
Video10,664,162.95996706678218,165.4583317485702,157.4376799456182,160.28779713812875,179.97651579422887,0.0069319003007628725
Video10,665,162.41814716976464,166.78659053826752,156.67386834688344,163.93329475532008,178.93762660981523,0.006322579627687279
Video10,666,162.78043645848535,164.66823974914257,158.14216576246272,163.72767078000697,179.09802518352828,0.00642701260971301
Video10,667,163.49061483425498,164.60288133826705,159.67761274463004,164.2635436199445,179.25673212522972,0.006402181179234473
Video10,668,164.42470457432475,165.16720636228325,160.6272835735944,164.79409875040838,179.3559763089907,0.005515773187984122
Video10,669,164.5698146486712,165.57285025745804,161.40503797193523,164.8585135435629,179.5893721300812,0.004915348056590918
Video10,670,164.7752784937045,167.0536749725399,161.81221956948062,165.93903255068778,179.54187547570123,0.004737258409008835
Video10,671,165.30504497996307,169.53137707956185,162.92633701888784,166.59358159203416,179.97446955238286,0.00435792338667494
Video10,672,166.95900605956191,170.63752053149878,164.80499407130873,166.58448932137915,179.6127771093053,0.003322907017939018
Video10,673,170.44741228103402,171.32865071228372,166.9063380104774,166.10542458165511,179.29000575745144,0.0031690563667904205
Video10,674,173.8494802285149,171.9604244545469,169.02248834679384,165.53051662027644,178.9243360636672,0.0017544087586980933
Video10,675,176.65970681595002,173.9301762603897,170.4144806379624,165.53800863726426,178.56485417920445,0.0018663058678309136
Video10,676,178.18861517450827,175.34282827339544,171.05338724438172,165.86159651538296,178.37268959072867,0.0011019368063319881
Video10,677,179.88369299812237,176.67172657154768,172.00824597788534,165.97265411532354,178.22140119792562,0.0011977799462549576
Video10,678,179.87588937291304,177.76406836466236,171.33981709247766,166.49455061270828,178.38172603000612,0.0010899646264134065
Video10,679,179.18230480819506,178.57716452576906,170.4034979602972,167.2076825166088,178.67788402796944,0.00109575463063789
Video10,680,178.28590640362322,178.88493689086087,170.151570534531,167.1560213792574,178.62701499463827,0.0008266143726580101
Video10,681,178.1040178601669,178.7372137554869,170.03315435504464,167.1087170412015,178.63915209467672,0.0005794307499220839
Video10,682,177.96956651565878,179.0727014666292,169.94028016733935,167.42739047420903,178.68778161417188,0.0007223872975869604
Video10,683,178.1763638309575,179.53172630907744,170.0377286278772,167.8608427140293,178.74544281923042,0.0003927302631464804
Video10,684,178.93984230143698,179.67043106269136,170.46582312083186,167.91044064311322,178.70687761852474,0.00037244775078513445
Video10,685,179.01838230718397,179.8923224310612,170.70064624070918,167.90567698625625,178.586763670311,0.0005694925785064727
Video10,686,179.00507507468873,179.93321984953357,170.75704284866478,167.62003510949964,178.4059529041426,0.000530671215418612
Video10,687,178.72351648837372,179.78347854147935,170.37761354671002,168.13717620664994,178.48363534917706,0.0006000286701953785
Video10,688,178.62566365790602,179.73550473474575,170.58239997655915,168.08077738733692,178.31367522011706,0.0006032200022177267
Video10,689,178.0718125899639,179.7131558448309,170.39364399644538,168.42097533175772,178.42812559304843,0.00043700793475816
Video10,690,178.06127615747565,179.9129733591368,170.42971682931122,169.08343108483385,178.5823045149424,0.0005475140430710524
Video10,691,178.2435985707756,179.06650108524227,170.46968718355564,168.57297506439235,178.52617521981566,0.0005345945105408182
Video10,692,178.04503023474732,177.4700676429884,170.14099814284114,168.68874592410137,178.7445597700221,0.0005376512805620829
Video10,693,176.57020434645142,174.14777629422832,168.8519398521687,169.09844048893183,179.41093126806734,0.0011251273028778303
Video10,694,173.94564669466885,171.9302111735561,167.16543675708274,169.19573308206554,179.83849268929583,0.002639795568856324
Video10,695,168.8114799627717,167.2946460430581,163.87810908958298,167.5607018548447,179.8566359952061,0.002669928651867491
Video10,696,166.26644913212402,159.8927325395961,162.41462997627252,163.74739010101146,179.86833864447635,0.003952128417564162
Video10,697,165.22425642705204,155.888255569325,161.3539629803077,161.69078321495414,179.70971613854434,0.0051508636185617195
Video10,698,164.41077203640523,154.183841374482,160.32703003351818,161.07109054283367,179.54604458899024,0.004628162943955623
Video10,699,164.36762972989183,154.27674434424355,160.13673825529514,161.55745119296813,179.22939083398987,0.0048877179171099815
Video10,700,160.98102709792806,153.08704405631553,156.6800278307005,161.66618510056074,178.55391709554326,0.005318939685821536
Video10,701,159.26972062187644,153.6471249176671,155.04732968011453,161.56231210659055,178.5741139378339,0.004961069560412204
Video10,702,157.31349921599423,152.5288396335002,153.13400462240605,160.4193856563151,178.63547549890947,0.005253285395376605
Video10,703,153.1277974646154,152.2002735819997,150.43390379048495,159.63346264899235,178.5819782256267,0.005406501166748282
Video10,704,153.8053455207566,151.10555976353436,150.75193302694092,157.90495322176932,178.98643396349254,0.0061285069042986045
Video10,705,152.19892033470273,148.35177088106315,148.9137612386162,153.91528682597325,179.71664164673246,0.005548566354043566
Video10,706,152.12758432096925,145.04952077802227,150.0316347180176,149.8888807870825,179.32573406551714,0.005936162489833255
Video10,707,151.54533157586664,144.07297029997875,150.93003533385348,145.41785808123473,177.96877412402648,0.005711497230963275
Video10,708,148.9942938253185,142.52933867985496,148.22562400666578,142.5160883864459,177.5875874652716,0.00587438227552356
Video10,709,146.29332300212383,143.95153376012263,145.2838893431269,141.77444752297185,177.47011391621464,0.005230056517051926
Video10,710,146.40979969200876,143.59525801612264,145.53141173819736,139.3047347917479,177.00757384800858,0.006001567750266105
Video10,711,143.19612826859904,141.7709753036695,142.59738139242685,137.19668529070626,177.23768079949414,0.005693000825968648
Video10,712,137.83924070588972,148.08149725916957,136.78891740084157,140.70409308368235,177.4589442903666,0.004941261627457363
Video10,713,127.86006306321394,147.17249761592382,127.31824819074328,139.1927024232492,177.83896728903218,0.004870735334627557
Video10,714,118.71890949152471,140.88165373851504,120.35850683609118,132.87813325953005,177.89764032015168,0.004280145421172635
Video10,715,118.98113039694779,143.49692709547512,120.82134288604244,136.1014612525124,178.1094077884405,0.004291856830770318
Video10,716,115.3274089688661,139.05853533417257,119.68983052164079,132.19248910331672,177.44131446241929,0.0039467400673664004
Video10,717,101.84399683741312,125.33906044911043,106.25830449060187,119.06516184047236,177.48047841982046,0.0030476572838696522
Video10,718,96.08770418656992,118.04839142252672,99.96817017021408,112.16584092527322,177.257330109237,0.002102579582821247
Video10,719,94.8415884026539,118.60811370494534,99.13683048014055,113.58705687393437,177.15028021904322,0.0010011652202317192
Video10,720,103.47928029834094,124.56646382141881,105.96987280413157,119.27678467321955,176.83422080301216,0.0011545943491386645
Video10,721,107.41774922260015,128.08285355035466,108.77368032416545,122.11099874199012,177.21198757077204,0.002396142392447503
Video10,722,111.1334832441161,132.3248162235696,112.13561174844513,124.88996994924968,176.8968728226352,0.0027053839329517215
Video10,723,114.92591757019785,129.4622977004719,114.99618358563359,119.36453197719628,176.45892299617043,0.0022886147101720193
Video10,724,123.97577692592648,138.40444517434668,122.09991951925178,127.76014581312248,176.6183300076814,0.007102950504331876
Video10,725,134.2032470877796,147.64447407225313,131.81720265576269,137.30529638311276,177.0774065285065,0.006787293788158534
Video10,726,143.45482394499805,152.6250499491984,140.07155866188089,142.21772833008387,177.02261642087822,0.0069659216837449495
Video10,727,149.104080557251,155.0374894257512,144.61478237076443,144.78875907716443,177.14808317274665,0.007016986608505254
Video10,728,150.22477698344082,155.8406515288209,146.53111474519457,147.30060489959254,177.45028512173434,0.007083350058757892
Video10,729,153.4003091637297,158.26769444325117,151.20133270647014,150.69156375104643,177.51852568701017,0.00695881021745277
Video10,730,155.18814542056938,160.8861029047653,153.36099716888683,153.4725848735115,177.55363843215065,0.006961540742353961
Video10,731,157.5626406579018,163.30242542634483,155.86622801175582,156.8515592655883,178.0870007878214,0.007106360386718406
Video10,732,158.5168925497257,164.65106217062623,157.13923932912834,159.54860217135106,178.63501696789285,0.007288053857557704
Video10,733,159.4112243993717,165.75579819061073,157.85878755561194,161.1604540199697,178.78110461515516,0.0070682450225858975
Video10,734,159.3980707501805,165.7762385806218,157.65246419373128,162.88817559113903,179.34912496007638,0.006816815923560752
Video10,735,158.3927390028337,165.48685312398544,156.69251399403103,164.599717785713,179.83191232893452,0.006201376743388903
Video10,736,159.25021319707002,165.15636236056307,157.62890066687334,164.90202195581506,179.6888249386,0.005794767629016532
Video10,737,159.52261293658054,164.69686287894064,158.39554961461783,165.27225822604825,179.6481071342091,0.005098819958441181
Video10,738,159.67679254362642,165.2088418411536,158.85000431961535,166.1635507230271,179.5728609306609,0.005177050828933714
Video10,739,161.2118918115886,166.6444893196866,159.91134441992807,166.73241444538994,179.66036913433828,0.004109872335737401
Video10,740,165.23047341325727,169.06004697182138,162.21447038022703,167.39283450574612,179.93987130652633,0.0040970385977716186
Video10,741,169.1720474015875,169.40805199335344,164.20943665006763,166.6552908119123,179.76398109753026,0.0031662989746440596
Video10,742,172.4485798077385,171.3869088866789,165.72665806335166,166.51884946236314,179.52247502385364,0.001851958871790859
Video10,743,177.16491672535466,172.89610584040497,168.01658338513784,167.07663758661644,179.3672680841506,0.0012574717402458187
Video10,744,179.90877601705856,172.77405926779508,169.75020259792205,166.9323277805502,179.03807010989425,0.0010286508636041173
Video10,745,179.58971042273845,173.18495307411555,169.73426170336876,166.8590844465586,178.92615713703373,0.0008028837090188763
Video10,746,179.52744618328194,174.60859330614744,169.8721134953181,167.31049065610455,178.84838776761032,0.000974170637853216
Video10,747,179.02597575365786,176.38626072290543,169.73244370638966,167.75984221621695,178.69945224138786,0.0006099622132200236
Video10,748,178.78425305506897,177.70879098038444,169.78830216453161,168.08466010485625,178.61281991748282,0.0008202860075415939
Video10,749,179.19271682646982,178.40234480334507,170.44588340043356,167.70053472889313,178.28709605382488,0.0007801951106750593
Video10,750,179.70604581382668,179.41526950432856,170.56825715887516,167.86795282738817,178.2521209749784,0.0007631788876923711
Video10,751,179.52562337687743,179.83668574784824,170.73062584034585,168.19611493924816,178.38080275781283,0.0007247832236867897
Video10,752,178.99424957718162,179.9167197036589,171.04331296050654,168.15508823550047,178.29984157577798,0.0009739664242123173
Video10,753,177.67184427816815,179.85544592321938,171.53019843587435,168.31453021216512,178.30870058811678,0.0017839542618303637
Video10,754,176.26987196565005,179.84470226716496,171.84947442286256,168.1824370867556,178.30035242679645,0.0017027676557049602
Video10,755,175.90522678119444,179.9262021721324,172.5273498933583,167.94876879139477,177.86601835199212,0.0009945757461316714
Video10,756,175.9585937249052,179.05584140447831,172.82144541401777,167.75722313377153,177.6747454604197,0.0020428853053035107
Video10,757,176.03416839512656,178.90668564816426,172.9923048846404,168.23677618682314,177.61849267769725,0.003247384207718296
Video10,758,176.83107913880073,179.41847624806422,173.14013780786485,168.10157033464588,176.65476890232026,0.0036388168280774976
Video10,759,177.49442578388872,178.98446387531237,172.07769127569625,168.5589887471588,176.74787807123732,0.003536151552742178
Video10,760,177.4201019722672,177.813412454911,172.19470198711983,167.17050705381075,176.21024731329962,0.00484609253930323
Video10,761,177.34877302907518,174.2742986911828,172.2911703324088,164.399274116029,175.53715074748945,0.0032355923092726568
Video10,762,176.13006003026982,171.90502975342042,172.5347299015969,162.591671326527,175.01493573328256,0.008408297869292166
Video10,763,174.3156108132941,172.5561352104506,173.66255715284993,161.62404044456375,173.89576639625542,0.011521566546324542
Video10,764,175.2344954829065,171.48056551757622,173.65750415735613,161.81658388175185,173.35097468174328,0.014177890212246863
Video10,765,177.95668781214104,172.862291520516,171.3786986168457,161.77135665087545,172.7898493660387,0.010241057497985429
Video10,766,179.65731816979897,173.91561816998478,170.11519149990775,162.85608825276546,172.59599417366258,0.008664903315630829
Video10,767,179.78035661140805,173.4051202748358,171.2748938062236,161.56030834074522,171.63615191183507,0.006960712260369102
Video10,768,179.8216225670893,173.19090484043426,172.68624027342474,161.10701436892646,170.88116456156,0.007058833358865794
Video10,769,179.77369149843497,174.2475581278741,173.51023906744635,161.74133620299648,170.72247700782543,0.005035627520445623
Video10,770,179.7756397570235,174.98384968237687,173.75360010940977,162.49172001286843,170.77494774389132,0.0038141546150048593
Video10,771,177.3014940785843,176.4125612863691,173.77484721859867,164.40514193962815,171.69560773724567,0.003531850648648812
Video10,772,174.65580336540066,177.08276812379586,174.53246846530317,165.5521908168288,172.23886520044022,0.002984416191325039
Video10,773,170.20012538608134,176.04364158741123,176.03767260605778,166.27122607987437,172.94288259021107,0.0028165657863472456
Video10,774,166.82584608578256,175.5361937539237,177.60486280702028,166.23888089486988,173.153676607267,0.0024995807219635384
Video10,775,164.63702424687418,175.40598137631088,178.1960455186819,166.371337030408,173.69898309449178,0.0025060445521817077
Video10,776,165.79064381923178,174.4510589451384,177.03721450028235,166.13003502656008,174.1909477924241,0.0025403547016057157
Video10,777,167.07946015495753,173.1843560353804,176.11102419877932,165.60700940465105,174.84317702003878,0.0026087125368190493
Video10,778,169.31436955245618,172.87823581651034,175.1816539014436,166.15218507726874,175.61400979518902,0.002982118477423988
Video10,779,170.63805548538656,173.06954345183578,174.2499773970664,167.3911292026964,176.7381906834715,0.0036668271165002445
Video10,780,172.81668899782522,171.63538545168012,171.86524248556256,168.05413495413356,178.42894846778916,0.0031768190815593313
Video10,781,173.96036225865836,170.33263113666138,170.65004932656512,168.00976367465404,179.77525657832538,0.004196116531437085
Video10,782,177.12279346531616,168.75758616900387,168.91865286697208,168.80711564999285,178.8844792307927,0.0047321683642539145
